sample_id,expert_id,rank,concept_id,concept_name,tier,embedding_set,species,similarity_topk_mean,similarity_topk_contrastive,prompt_text
TENX116,0,1,MOR-11297,Melanocytic matricoma,H1_morphology,visual,Homo_sapiens,0.3839942216873169,0.5613513588905334,Histopathological feature: Melanocytic matricoma observed in H&E stained human tissue
TENX116,0,2,MOR-12338,Melanocyte stimulating hormone secreting cell,H1_morphology,visual,Homo_sapiens,0.39387983083724976,0.4882432818412781,Histopathological feature: Melanocyte stimulating hormone secreting cell observed in H&E stained human tissue
TENX116,0,3,CTY-10496,Chromophobe cell,H2_cell_type,visual,Homo_sapiens,0.4854440689086914,0.4761587977409363,Cell type present in human tissue: Chromophobe cell
TENX116,0,4,MOR-11928,Salivary gland oncocytoma,H1_morphology,visual,Homo_sapiens,0.5567058324813843,0.47534456849098206,Histopathological feature: Salivary gland oncocytoma observed in H&E stained human tissue
TENX116,0,5,MOR-10232,"Breast ductal carcinoma in situ, comedo type",H1_morphology,visual,Homo_sapiens,0.324472039937973,0.44355159997940063,"Histopathological feature: Breast ductal carcinoma in situ, comedo type observed in H&E stained human tissue"
TENX116,0,6,MOR-11106,Inverted ductal papilloma,H1_morphology,visual,Homo_sapiens,0.3409903049468994,0.43982934951782227,Histopathological feature: Inverted ductal papilloma observed in H&E stained human tissue
TENX116,0,7,MOR-0077,glandular pattern,H1_morphology,visual,Homo_sapiens,0.2485087811946869,0.439144104719162,Histopathological feature: glandular pattern observed in H&E stained human tissue
TENX116,0,8,MOR-10921,Hidradenocarcinoma,H1_morphology,visual,Homo_sapiens,0.14313054084777832,0.4376072883605957,Histopathological feature: Hidradenocarcinoma observed in H&E stained human tissue
TENX116,0,9,MOR-0055,oncocytic morphology,H1_morphology,visual,Homo_sapiens,0.45230868458747864,0.43141379952430725,Histopathological feature: oncocytic morphology observed in H&E stained human tissue
TENX116,0,10,MOR-11648,Papillary transitional cell neoplasm of low malignant potential,H1_morphology,visual,Homo_sapiens,0.4766300916671753,0.42309805750846863,Histopathological feature: Papillary transitional cell neoplasm of low malignant potential observed in H&E stained human tissue
TENX116,0,11,MOR-10446,Cribriform comedo-type adenocarcinoma,H1_morphology,visual,Homo_sapiens,0.3656459450721741,0.4209887981414795,Histopathological feature: Cribriform comedo-type adenocarcinoma observed in H&E stained human tissue
TENX116,0,12,MOR-10572,"Ductal carcinoma in situ, solid type",H1_morphology,visual,Homo_sapiens,0.25176626443862915,0.4197447896003723,"Histopathological feature: Ductal carcinoma in situ, solid type observed in H&E stained human tissue"
TENX116,0,13,MOR-10607,Encapsulated papillary carcinoma,H1_morphology,visual,Homo_sapiens,0.4115253686904907,0.4081231355667114,Histopathological feature: Encapsulated papillary carcinoma observed in H&E stained human tissue
TENX116,0,14,MOR-0073,cribriform pattern,H1_morphology,visual,Homo_sapiens,0.24108992516994476,0.4076141119003296,Histopathological feature: cribriform pattern observed in H&E stained human tissue
TENX116,0,15,MOR-10473,Cystic hypersecretory carcinoma,H1_morphology,visual,Homo_sapiens,0.4503479599952698,0.40582937002182007,Histopathological feature: Cystic hypersecretory carcinoma observed in H&E stained human tissue
TENX116,0,16,MOR-11646,Papillary transitional cell carcinoma,H1_morphology,visual,Homo_sapiens,0.3682559132575989,0.40482378005981445,Histopathological feature: Papillary transitional cell carcinoma observed in H&E stained human tissue
TENX116,0,17,MOR-11991,Serous intraepithelial carcinoma,H1_morphology,visual,Homo_sapiens,0.262894868850708,0.40320831537246704,Histopathological feature: Serous intraepithelial carcinoma observed in H&E stained human tissue
TENX116,0,18,MOR-11596,Pagetoid reticulosis,H1_morphology,visual,Homo_sapiens,0.2780897617340088,0.4009881615638733,Histopathological feature: Pagetoid reticulosis observed in H&E stained human tissue
TENX116,0,19,MOR-10445,Cribriform carcinoma in situ,H1_morphology,visual,Homo_sapiens,0.38240334391593933,0.4005607068538666,Histopathological feature: Cribriform carcinoma in situ observed in H&E stained human tissue
TENX116,0,20,MOR-12303,Deuterosomal cell,H1_morphology,visual,Homo_sapiens,0.5286492705345154,0.4005031883716583,Histopathological feature: Deuterosomal cell observed in H&E stained human tissue
TENX116,0,21,MOR-12348,Oncocytic,H1_morphology,visual,Homo_sapiens,0.4533463716506958,0.3935166895389557,Histopathological feature: Oncocytic observed in H&E stained human tissue
TENX116,0,22,MOR-11647,"Papillary transitional cell carcinoma, non-invasive",H1_morphology,visual,Homo_sapiens,0.28976476192474365,0.39327216148376465,"Histopathological feature: Papillary transitional cell carcinoma, non-invasive observed in H&E stained human tissue"
TENX116,0,23,MOR-10753,Fibrovascular papilloma,H1_morphology,visual,Homo_sapiens,0.22713348269462585,0.39291247725486755,Histopathological feature: Fibrovascular papilloma observed in H&E stained human tissue
TENX116,0,24,MOR-10059,Aggressive papillary tumor,H1_morphology,visual,Homo_sapiens,0.4990110695362091,0.3897155821323395,Histopathological feature: Aggressive papillary tumor observed in H&E stained human tissue
TENX116,0,25,CTY-10399,Basal cell,H2_cell_type,visual,Homo_sapiens,0.3938809335231781,0.3892871141433716,Cell type present in human tissue: Basal cell
TENX116,0,26,MOR-11413,"Mucoepidermoid carcinoma, low grade",H1_morphology,visual,Homo_sapiens,0.38142213225364685,0.3874013423919678,"Histopathological feature: Mucoepidermoid carcinoma, low grade observed in H&E stained human tissue"
TENX116,0,27,MOR-11529,"Non-invasive papillary urothelial carcinoma, high-grade",H1_morphology,visual,Homo_sapiens,0.3147129714488983,0.3868041932582855,"Histopathological feature: Non-invasive papillary urothelial carcinoma, high-grade observed in H&E stained human tissue"
TENX116,0,28,MOR-11663,Part-solid nodule,H1_morphology,visual,Homo_sapiens,0.40105193853378296,0.38448280096054077,Histopathological feature: Part-solid nodule observed in H&E stained human tissue
TENX116,0,29,MOR-12297,Comedo/solid,H1_morphology,visual,Homo_sapiens,0.31678420305252075,0.3843608796596527,Histopathological feature: Comedo/solid observed in H&E stained human tissue
TENX116,0,30,CTY-11488,Strial basal cell,H2_cell_type,visual,Homo_sapiens,0.22712458670139313,0.3800075054168701,Cell type present in human tissue: Strial basal cell
TENX116,0,31,MOR-10408,Comedocarcinoma,H1_morphology,visual,Homo_sapiens,0.23824818432331085,0.37825411558151245,Histopathological feature: Comedocarcinoma observed in H&E stained human tissue
TENX116,0,32,MOR-11412,"Mucoepidermoid carcinoma, intermediate grade",H1_morphology,visual,Homo_sapiens,0.3735722601413727,0.37796682119369507,"Histopathological feature: Mucoepidermoid carcinoma, intermediate grade observed in H&E stained human tissue"
TENX116,0,33,CTY-10698,Excretory cell,H2_cell_type,visual,Homo_sapiens,0.4670887589454651,0.3775683343410492,Cell type present in human tissue: Excretory cell
TENX116,0,34,MOR-11547,Nuclear membrane proliferation,H1_morphology,visual,Homo_sapiens,0.3857038617134094,0.37581783533096313,Histopathological feature: Nuclear membrane proliferation observed in H&E stained human tissue
TENX116,0,35,MOR-11061,Intraductal cellular proliferation,H1_morphology,visual,Homo_sapiens,0.4412059187889099,0.3755064904689789,Histopathological feature: Intraductal cellular proliferation observed in H&E stained human tissue
TENX116,0,36,MOR-11329,Microcalcification,H1_morphology,visual,Homo_sapiens,0.30171114206314087,0.37473639845848083,Histopathological feature: Microcalcification observed in H&E stained human tissue
TENX116,0,37,MOR-0107,DCIS cribriform pattern,H1_morphology,visual,Homo_sapiens,0.15765583515167236,0.37472254037857056,Histopathological feature: DCIS cribriform pattern in human breast tissue on H&E stain
TENX116,0,38,MOR-0003,comedo necrosis,H1_morphology,visual,Homo_sapiens,0.08385179936885834,0.368938148021698,Histopathological feature: comedo necrosis observed in H&E stained human tissue
TENX116,0,39,MOR-11815,Prostatic clear cell cribriform hyperplasia,H1_morphology,visual,Homo_sapiens,0.35126012563705444,0.3678118586540222,Histopathological feature: Prostatic clear cell cribriform hyperplasia observed in H&E stained human tissue
TENX116,0,40,MOR-10943,Hurthle cell metaplasia of thyroid gland,H1_morphology,visual,Homo_sapiens,0.4200451374053955,0.366144061088562,Histopathological feature: Hurthle cell metaplasia of thyroid gland observed in H&E stained human tissue
TENX116,0,41,MOR-11620,Papillary urothelial neoplasm of low malignant potential,H1_morphology,visual,Homo_sapiens,0.34705600142478943,0.36420443654060364,Histopathological feature: Papillary urothelial neoplasm of low malignant potential observed in H&E stained human tissue
TENX116,0,42,CTY-0141,podocyte,H2_cell_type,visual,Homo_sapiens,0.16882379353046417,0.36337974667549133,"Cell type present in human tissue: podocyte, expressing NPHS1, NPHS2, SYNPO, WT1, PODXL"
TENX116,0,43,MOR-11625,Papillary carcinoma,H1_morphology,visual,Homo_sapiens,0.2778657078742981,0.36031877994537354,Histopathological feature: Papillary carcinoma observed in H&E stained human tissue
TENX116,0,44,MOR-11481,Nested pattern,H1_morphology,visual,Homo_sapiens,0.25714853405952454,0.3552950918674469,Histopathological feature: Nested pattern observed in H&E stained human tissue
TENX116,0,45,CTY-10703,External limiting cell of vestibular epithelium,H2_cell_type,visual,Homo_sapiens,0.24817971885204315,0.35358914732933044,Cell type present in human tissue: External limiting cell of vestibular epithelium
TENX116,0,46,CTY-10668,Epithelial cell of malassez,H2_cell_type,visual,Homo_sapiens,0.3652847409248352,0.35179823637008667,Cell type present in human tissue: Epithelial cell of malassez
TENX116,0,47,MOR-10551,Diffuse hyperplastic oncocytosis,H1_morphology,visual,Homo_sapiens,0.44349169731140137,0.3516102135181427,Histopathological feature: Diffuse hyperplastic oncocytosis observed in H&E stained human tissue
TENX116,0,48,MOR-12074,Spitz melanocytoma,H1_morphology,visual,Homo_sapiens,0.37500685453414917,0.3500113785266876,Histopathological feature: Spitz melanocytoma observed in H&E stained human tissue
TENX116,0,49,MOR-10788,Follicular adenocarcinoma,H1_morphology,visual,Homo_sapiens,0.4151596426963806,0.34888380765914917,Histopathological feature: Follicular adenocarcinoma observed in H&E stained human tissue
TENX116,0,50,MOR-0074,papillary architecture,H1_morphology,visual,Homo_sapiens,0.18872587382793427,0.348874032497406,Histopathological feature: papillary architecture observed in H&E stained human tissue
TENX116,1,1,MOR-0334,oligodendroglial honeycomb pattern,H1_morphology,visual,Homo_sapiens,0.12242073565721512,0.3946361243724823,Histopathological feature: oligodendroglial honeycomb pattern in human brain tissue on H&E stain
TENX116,1,2,NIC-0012,neutrophil-enriched niche,H2_niche,visual,Homo_sapiens,0.007711872458457947,0.39157140254974365,Spatial tissue niche in human tissue: neutrophil-enriched niche
TENX116,1,3,MOR-0070,mucinous degeneration,H1_morphology,visual,Homo_sapiens,0.01843295805156231,0.37250614166259766,Histopathological feature: mucinous degeneration observed in H&E stained human tissue
TENX116,1,4,CTY-11229,Olfactory ensheathing cell,H2_cell_type,visual,Homo_sapiens,0.11931373924016953,0.36954495310783386,Cell type present in human tissue: Olfactory ensheathing cell
TENX116,1,5,CTY-10036,Bergmann glial cell,H2_cell_type,visual,Homo_sapiens,0.12517768144607544,0.3583950996398926,Cell type present in human tissue: Bergmann glial cell
TENX116,1,6,MOR-11521,Non-keratinizing dysplasia,H1_morphology,visual,Homo_sapiens,0.07901861518621445,0.33931249380111694,Histopathological feature: Non-keratinizing dysplasia observed in H&E stained human tissue
TENX116,1,7,MOR-0349,ependymal rosettes,H1_morphology,visual,Homo_sapiens,0.09898723661899567,0.33489057421684265,Histopathological feature: ependymal rosettes in human brain tissue on H&E stain
TENX116,1,8,MOR-0039,acute inflammation,H1_morphology,visual,Homo_sapiens,-0.004199758172035217,0.3338967263698578,Histopathological feature: acute inflammation observed in H&E stained human tissue
TENX116,1,9,CTY-10431,Brain macroglial cell,H2_cell_type,visual,Homo_sapiens,0.05273362994194031,0.3292190432548523,Cell type present in human tissue: Brain macroglial cell
TENX116,1,10,CTY-10550,Cycling glial cell,H2_cell_type,visual,Homo_sapiens,-0.0009355135262012482,0.32539328932762146,Cell type present in human tissue: Cycling glial cell
TENX116,1,11,CTY-10797,Granulocyte,H2_cell_type,visual,Homo_sapiens,0.14846229553222656,0.3220058083534241,Cell type present in human tissue: Granulocyte
TENX116,1,12,MOR-0398,fibrin deposition,H1_morphology,visual,Homo_sapiens,0.47642070055007935,0.31925052404403687,Tissue microenvironment: fibrin deposition in human tissue on H&E stain
TENX116,1,13,CTY-11353,Prohemocyte (sensu nematoda and protostomia),H2_cell_type,visual,Homo_sapiens,0.25113117694854736,0.3170032799243927,Cell type present in human tissue: Prohemocyte (sensu nematoda and protostomia)
TENX116,1,14,MOR-11468,Necrotizing inflammation,H1_morphology,visual,Homo_sapiens,0.01300523616373539,0.3166733980178833,Histopathological feature: Necrotizing inflammation observed in H&E stained human tissue
TENX116,1,15,MOR-11464,Necrotic debris,H1_morphology,visual,Homo_sapiens,0.22396263480186462,0.31468456983566284,Histopathological feature: Necrotic debris observed in H&E stained human tissue
TENX116,1,16,CTY-10037,Bergmann glial cell (mmus),H2_cell_type,visual,Homo_sapiens,0.12337205559015274,0.3142937123775482,Cell type present in human tissue: Bergmann glial cell (mmus)
TENX116,1,17,MOR-0350,choroid plexus papilloma,H1_morphology,visual,Homo_sapiens,0.20171019434928894,0.30950242280960083,Histopathological feature: choroid plexus papilloma in human brain tissue on H&E stain
TENX116,1,18,CTY-11140,Myelinating glial cell,H2_cell_type,visual,Homo_sapiens,0.157607764005661,0.3085095286369324,Cell type present in human tissue: Myelinating glial cell
TENX116,1,19,MOR-10389,Clue cell,H1_morphology,visual,Homo_sapiens,0.25022074580192566,0.306946337223053,Histopathological feature: Clue cell observed in H&E stained human tissue
TENX116,1,20,MOR-0377,normal serosal surface,H1_morphology,visual,Homo_sapiens,0.12088422477245331,0.3050808310508728,Normal histology: normal serosal surface in H&E stained human tissue
TENX116,1,21,MOR-10604,Emphysema,H1_morphology,visual,Homo_sapiens,-0.005285917781293392,0.30489102005958557,Histopathological feature: Emphysema in human lung tissue on H&E stain
TENX116,1,22,MOR-11150,Laminar necrosis,H1_morphology,visual,Homo_sapiens,0.1098112016916275,0.30213671922683716,Histopathological feature: Laminar necrosis observed in H&E stained human tissue
TENX116,1,23,NIC-0054,cerebral white matter niche,H2_niche,visual,Homo_sapiens,-0.1383550763130188,0.2992241382598877,Spatial tissue niche in human tissue: cerebral white matter niche
TENX116,1,24,CTY-11243,Osteochondral skeletal stem cell,H2_cell_type,visual,Homo_sapiens,0.29391777515411377,0.28791677951812744,Cell type present in human tissue: Osteochondral skeletal stem cell
TENX116,1,25,CTY-11224,Odontocyte,H2_cell_type,visual,Homo_sapiens,0.1505998969078064,0.2789655923843384,Cell type present in human tissue: Odontocyte
TENX116,1,26,MOR-11009,Inflammation with stasis,H1_morphology,visual,Homo_sapiens,0.06014547124505043,0.2753112018108368,Histopathological feature: Inflammation with stasis observed in H&E stained human tissue
TENX116,1,27,MOR-0212,sinusoidal dilatation,H1_morphology,visual,Homo_sapiens,0.18065893650054932,0.27209651470184326,Histopathological feature: sinusoidal dilatation in human liver tissue on H&E stain
TENX116,1,28,CTY-0109,adventitial fibroblast,H2_cell_type,visual,Homo_sapiens,0.026488706469535828,0.27009087800979614,"Cell type present in human tissue: adventitial fibroblast, expressing PI16, DPT, MFAP5, COL1A1, DCN"
TENX116,1,29,MOR-10973,Ipmn,H1_morphology,visual,Homo_sapiens,0.3089789152145386,0.26612621545791626,Histopathological feature: Ipmn observed in H&E stained human tissue
TENX116,1,30,CTY-11228,Olfactory bulb tufted cell,H2_cell_type,visual,Homo_sapiens,0.08825574815273285,0.26568326354026794,Cell type present in human tissue: Olfactory bulb tufted cell
TENX116,1,31,CTY-11448,Smooth muscle cell of taenia coli,H2_cell_type,visual,Homo_sapiens,0.0930568128824234,0.2654048800468445,Cell type present in human tissue: Smooth muscle cell of taenia coli
TENX116,1,32,MOR-10705,Fibrinous material present,H1_morphology,visual,Homo_sapiens,0.13421723246574402,0.26521360874176025,Histopathological feature: Fibrinous material present observed in H&E stained human tissue
TENX116,1,33,MOR-11347,Micropapillary carcinoma,H1_morphology,visual,Homo_sapiens,0.17319095134735107,0.26277121901512146,Histopathological feature: Micropapillary carcinoma in human cervix tissue on H&E stain
TENX116,1,34,CTY-10727,Fibroblast of dense regular elastic tissue,H2_cell_type,visual,Homo_sapiens,0.2731919586658478,0.26128146052360535,Cell type present in human tissue: Fibroblast of dense regular elastic tissue
TENX116,1,35,MOR-0100,tissue folding artifact,H1_morphology,visual,Homo_sapiens,0.31004226207733154,0.2597425580024719,Histological artifact: tissue folding artifact in H&E stained human tissue
TENX116,1,36,CTY-10650,Enterocyte of anorectum,H2_cell_type,visual,Homo_sapiens,0.16649869084358215,0.2594662606716156,Cell type present in human tissue: Enterocyte of anorectum
TENX116,1,37,CTY-11219,Nucleated thrombocyte,H2_cell_type,visual,Homo_sapiens,0.23969057202339172,0.25874656438827515,Cell type present in human tissue: Nucleated thrombocyte
TENX116,1,38,NIC-0007,B cell-enriched niche,H2_niche,visual,Homo_sapiens,0.035361070185899734,0.2584671080112457,Spatial tissue niche in human tissue: B cell-enriched niche
TENX116,1,39,NIC-0067,quiescent zone,H2_niche,visual,Homo_sapiens,0.08884844183921814,0.2562691569328308,Spatial tissue niche in human tissue: quiescent zone
TENX116,1,40,CTY-10697,Eurydendroid cell,H2_cell_type,visual,Homo_sapiens,0.12746503949165344,0.2556828260421753,Cell type present in human tissue: Eurydendroid cell
TENX116,1,41,MOR-0066,dystrophic calcification,H1_morphology,visual,Homo_sapiens,0.11087995022535324,0.2538178563117981,Histopathological feature: dystrophic calcification observed in H&E stained human tissue
TENX116,1,42,CTY-11304,Pioneer neuron,H2_cell_type,visual,Homo_sapiens,0.24910719692707062,0.25175607204437256,Cell type present in human tissue: Pioneer neuron
TENX116,1,43,MOR-0336,fibrillary astrocytic morphology,H1_morphology,visual,Homo_sapiens,0.18565526604652405,0.24866259098052979,Histopathological feature: fibrillary astrocytic morphology in human brain tissue on H&E stain
TENX116,1,44,MOR-12002,Severe koilocytotic atypia,H1_morphology,visual,Homo_sapiens,0.17307040095329285,0.24808692932128906,Histopathological feature: Severe koilocytotic atypia observed in H&E stained human tissue
TENX116,1,45,NIC-0068,senescence niche,H2_niche,visual,Homo_sapiens,0.16253761947155,0.24720172584056854,Spatial tissue niche in human tissue: senescence niche
TENX116,1,46,CTY-10403,Basal proper cell of olfactory epithelium,H2_cell_type,visual,Homo_sapiens,0.19103538990020752,0.24584835767745972,Cell type present in human tissue: Basal proper cell of olfactory epithelium
TENX116,1,47,NIC-0013,eosinophil-enriched niche,H2_niche,visual,Homo_sapiens,-0.01488693617284298,0.24451521039009094,Spatial tissue niche in human tissue: eosinophil-enriched niche
TENX116,1,48,NIC-0062,serosal niche,H2_niche,visual,Homo_sapiens,0.15437699854373932,0.2442624270915985,Spatial tissue niche in human tissue: serosal niche
TENX116,1,49,NIC-0045,hemorrhagic niche,H2_niche,visual,Homo_sapiens,0.2957843542098999,0.2441519796848297,Spatial tissue niche in human tissue: hemorrhagic niche
TENX116,1,50,MOR-11285,Medial calcification,H1_morphology,visual,Homo_sapiens,0.18592002987861633,0.2424839287996292,Histopathological feature: Medial calcification observed in H&E stained human tissue
TENX116,2,1,MOR-11606,Pancreatic undifferentiated carcinoma,H1_morphology,visual,Homo_sapiens,0.5596922636032104,0.39808958768844604,Histopathological feature: Pancreatic undifferentiated carcinoma observed in H&E stained human tissue
TENX116,2,2,MOR-10336,Cholangiocarcinoma,H1_morphology,visual,Homo_sapiens,0.4165688753128052,0.3922452926635742,Histopathological feature: Cholangiocarcinoma observed in H&E stained human tissue
TENX116,2,3,MOR-0208,intrahepatic cholangiocarcinoma,H1_morphology,visual,Homo_sapiens,0.32871243357658386,0.3735353648662567,Histopathological feature: intrahepatic cholangiocarcinoma in human liver tissue on H&E stain
TENX116,2,4,MOR-10654,Epithelioid hemangioendothelioma,H1_morphology,visual,Homo_sapiens,0.4653293490409851,0.3721139430999756,Histopathological feature: Epithelioid hemangioendothelioma observed in H&E stained human tissue
TENX116,2,5,MOR-10120,Atypical glandular epithelium resembling the normal endometrium present,H1_morphology,visual,Homo_sapiens,0.1318703144788742,0.3702295422554016,Histopathological feature: Atypical glandular epithelium resembling the normal endometrium present observed in H&E stained human tissue
TENX116,2,6,MOR-0327,autoimmune pancreatitis storiform fibrosis,H1_morphology,visual,Homo_sapiens,0.444148987531662,0.3699615001678467,Histopathological feature: autoimmune pancreatitis storiform fibrosis in human pancreas tissue on H&E stain
TENX116,2,7,MOR-11609,Pancreatic intraepithelial neoplasia (panin),H1_morphology,visual,Homo_sapiens,0.5318255424499512,0.362887978553772,Histopathological feature: Pancreatic intraepithelial neoplasia (panin) observed in H&E stained human tissue
TENX116,2,8,MOR-10851,Glisson capsule cirrhosis,H1_morphology,visual,Homo_sapiens,0.3035579323768616,0.3597622513771057,Histopathological feature: Glisson capsule cirrhosis observed in H&E stained human tissue
TENX116,2,9,MOR-0238,EBV-associated lymphoepithelioma-like gastric carcinoma,H1_morphology,visual,Homo_sapiens,0.4755164682865143,0.3528721332550049,Histopathological feature: EBV-associated lymphoepithelioma-like gastric carcinoma in human stomach tissue on H&E stain
TENX116,2,10,MOR-10912,"Hepatocellular carcinoma, scirrhous",H1_morphology,visual,Homo_sapiens,0.3659300208091736,0.34863364696502686,"Histopathological feature: Hepatocellular carcinoma, scirrhous observed in H&E stained human tissue"
TENX116,2,11,MOR-10905,Hepatocellular neutrophil-rich carcinoma,H1_morphology,visual,Homo_sapiens,0.4096684455871582,0.34759581089019775,Histopathological feature: Hepatocellular neutrophil-rich carcinoma observed in H&E stained human tissue
TENX116,2,12,MOR-11932,Sarcomatoid carcinoma,H1_morphology,visual,Homo_sapiens,0.2841534912586212,0.3451930284500122,Histopathological feature: Sarcomatoid carcinoma observed in H&E stained human tissue
TENX116,2,13,MOR-11373,Mixed acinar-ductal carcinoma,H1_morphology,visual,Homo_sapiens,0.48653852939605713,0.3405740261077881,Histopathological feature: Mixed acinar-ductal carcinoma observed in H&E stained human tissue
TENX116,2,14,MOR-0319,prominent desmoplastic stroma in pancreas,H1_morphology,visual,Homo_sapiens,0.48562943935394287,0.3354912996292114,Histopathological feature: prominent desmoplastic stroma in pancreas in human pancreas tissue on H&E stain
TENX116,2,15,CTY-11263,Pancreatic ductal cell,H2_cell_type,visual,Homo_sapiens,0.5104928016662598,0.33079978823661804,Cell type present in human tissue: Pancreatic ductal cell
TENX116,2,16,MOR-10617,Endometrioid stromal and related neoplasms,H1_morphology,visual,Homo_sapiens,0.29209423065185547,0.3270825147628784,Histopathological feature: Endometrioid stromal and related neoplasms observed in H&E stained human tissue
TENX116,2,17,MOR-10172,Basal-like pancreatic ductal adenocarcinoma,H1_morphology,visual,Homo_sapiens,0.4097244143486023,0.32629114389419556,Histopathological feature: Basal-like pancreatic ductal adenocarcinoma in human pancreas tissue on H&E stain
TENX116,2,18,MOR-10907,Hepatocellular well differentiated carcinoma,H1_morphology,visual,Homo_sapiens,0.3916042745113373,0.3228132128715515,Histopathological feature: Hepatocellular well differentiated carcinoma observed in H&E stained human tissue
TENX116,2,19,MOR-11812,Prostate undifferentiated carcinoma,H1_morphology,visual,Homo_sapiens,0.396308958530426,0.32210594415664673,Histopathological feature: Prostate undifferentiated carcinoma in human prostate tissue on H&E stain
TENX116,2,20,MOR-10903,Hepatocellular macrotrabecular massive carcinoma,H1_morphology,visual,Homo_sapiens,0.1496950089931488,0.3164348602294922,Histopathological feature: Hepatocellular macrotrabecular massive carcinoma in human liver tissue on H&E stain
TENX116,2,21,MOR-10204,Biliary intraepithelial neoplasia,H1_morphology,visual,Homo_sapiens,0.4147845506668091,0.3152008354663849,Histopathological feature: Biliary intraepithelial neoplasia observed in H&E stained human tissue
TENX116,2,22,MOR-10612,Endometrial dedifferentiated carcinoma,H1_morphology,visual,Homo_sapiens,0.14552640914916992,0.30665338039398193,Histopathological feature: Endometrial dedifferentiated carcinoma in human uterus tissue on H&E stain
TENX116,2,23,MOR-0326,chronic pancreatitis,H1_morphology,visual,Homo_sapiens,0.40382152795791626,0.3054836690425873,Histopathological feature: chronic pancreatitis in human pancreas tissue on H&E stain
TENX116,2,24,CTY-10700,Exocrine cell,H2_cell_type,visual,Homo_sapiens,0.455158531665802,0.3025949001312256,Cell type present in human tissue: Exocrine cell
TENX116,2,25,MOR-10832,Glandular (acinar)/tubular differentiation,H1_morphology,visual,Homo_sapiens,0.27101850509643555,0.29926782846450806,Histopathological feature: Glandular (acinar)/tubular differentiation observed in H&E stained human tissue
TENX116,2,26,MOR-0318,poorly differentiated pancreatic ductal adenocarcinoma,H1_morphology,visual,Homo_sapiens,0.43835705518722534,0.2983565330505371,Histopathological feature: poorly differentiated pancreatic ductal adenocarcinoma in human pancreas tissue on H&E stain
TENX116,2,27,MOR-10902,Hepatocellular lymphocyte-rich carcinoma,H1_morphology,visual,Homo_sapiens,0.35733163356781006,0.2952452600002289,Histopathological feature: Hepatocellular lymphocyte-rich carcinoma observed in H&E stained human tissue
TENX116,2,28,MOR-10817,Gastric undifferentiated carcinoma,H1_morphology,visual,Homo_sapiens,0.3832370340824127,0.29395341873168945,Histopathological feature: Gastric undifferentiated carcinoma observed in H&E stained human tissue
TENX116,2,29,CTY-11259,Pancreatic a cell,H2_cell_type,visual,Homo_sapiens,0.38566842675209045,0.29322871565818787,Cell type present in human tissue: Pancreatic a cell
TENX116,2,30,MOR-10814,Gastric mixed adenocarcinoma,H1_morphology,visual,Homo_sapiens,0.4382926821708679,0.29183268547058105,Histopathological feature: Gastric mixed adenocarcinoma observed in H&E stained human tissue
TENX116,2,31,CTY-0129,pancreatic stellate cell,H2_cell_type,visual,Homo_sapiens,0.1608678251504898,0.29156291484832764,"Cell type present in human tissue: pancreatic stellate cell, expressing ACTA2, PDGFRB, COL1A1, DES, VIM"
TENX116,2,32,MOR-10637,Epithelial hepatoblastoma with pleomorphic pattern,H1_morphology,visual,Homo_sapiens,0.40353021025657654,0.29041123390197754,Histopathological feature: Epithelial hepatoblastoma with pleomorphic pattern observed in H&E stained human tissue
TENX116,2,33,MOR-11605,Pancreatic poorly cohesive adenocarcinoma,H1_morphology,visual,Homo_sapiens,0.37582775950431824,0.29034096002578735,Histopathological feature: Pancreatic poorly cohesive adenocarcinoma in human pancreas tissue on H&E stain
TENX116,2,34,MOR-0226,collecting duct carcinoma,H1_morphology,visual,Homo_sapiens,0.3879457116127014,0.28531381487846375,Histopathological feature: collecting duct carcinoma in human kidney tissue on H&E stain
TENX116,2,35,CTY-0128,hepatic stellate cell,H2_cell_type,visual,Homo_sapiens,0.3366377055644989,0.284872442483902,"Cell type present in human tissue: hepatic stellate cell, expressing LRAT, RGS5, PDGFRB, HGF, DES"
TENX116,2,36,MOR-11022,Inflammatory pseudotumor,H1_morphology,visual,Homo_sapiens,0.2203652262687683,0.28289857506752014,Histopathological feature: Inflammatory pseudotumor observed in H&E stained human tissue
TENX116,2,37,MOR-0274,myometrial invasion by carcinoma,H1_morphology,visual,Homo_sapiens,0.21835917234420776,0.2819020748138428,Histopathological feature: myometrial invasion by carcinoma in human uterus tissue on H&E stain
TENX116,2,38,CTY-10974,Large mucus secreting cholangiocyte,H2_cell_type,visual,Homo_sapiens,0.4521942138671875,0.28137412667274475,Cell type present in human tissue: Large mucus secreting cholangiocyte
TENX116,2,39,MOR-0234,intestinal-type gastric adenocarcinoma,H1_morphology,visual,Homo_sapiens,0.36837586760520935,0.28064316511154175,Histopathological feature: intestinal-type gastric adenocarcinoma in human stomach tissue on H&E stain
TENX116,2,40,MOR-11945,Scirrhous adenocarcinoma,H1_morphology,visual,Homo_sapiens,0.42358607053756714,0.27781277894973755,Histopathological feature: Scirrhous adenocarcinoma observed in H&E stained human tissue
TENX116,2,41,MOR-0323,pancreatic intraepithelial neoplasia,H1_morphology,visual,Homo_sapiens,0.3627732992172241,0.276109516620636,Histopathological feature: pancreatic intraepithelial neoplasia in human pancreas tissue on H&E stain
TENX116,2,42,MOR-10816,Gastric poorly cohesive adenocarcinoma,H1_morphology,visual,Homo_sapiens,0.3663477897644043,0.2738499045372009,Histopathological feature: Gastric poorly cohesive adenocarcinoma observed in H&E stained human tissue
TENX116,2,43,MOR-10929,High grade serous carcinoma,H1_morphology,visual,Homo_sapiens,0.11789245903491974,0.2729341983795166,Histopathological feature: High grade serous carcinoma observed in H&E stained human tissue
TENX116,2,44,MOR-11012,Inflammatory hepatocellular adenoma,H1_morphology,visual,Homo_sapiens,0.45100751519203186,0.2715178430080414,Histopathological feature: Inflammatory hepatocellular adenoma in human liver tissue on H&E stain
TENX116,2,45,MOR-10618,Endometrioid tissue present,H1_morphology,visual,Homo_sapiens,0.28640714287757874,0.2673504650592804,Histopathological feature: Endometrioid tissue present observed in H&E stained human tissue
TENX116,2,46,MOR-0076,acinar pattern,H1_morphology,visual,Homo_sapiens,0.4723236560821533,0.26727595925331116,Histopathological feature: acinar pattern observed in H&E stained human tissue
TENX116,2,47,CTY-11262,Pancreatic centro-acinar cell,H2_cell_type,visual,Homo_sapiens,0.42863672971725464,0.26525652408599854,Cell type present in human tissue: Pancreatic centro-acinar cell
TENX116,2,48,MOR-0207,bile production in tumor,H1_morphology,visual,Homo_sapiens,0.36749139428138733,0.26307451725006104,Histopathological feature: bile production in tumor in human liver tissue on H&E stain
TENX116,2,49,CTY-10788,Glucagon secreting cell,H2_cell_type,visual,Homo_sapiens,0.20145845413208008,0.2618389129638672,Cell type present in human tissue: Glucagon secreting cell
TENX116,2,50,MOR-10911,"Hepatocellular carcinoma, pleomorphic type",H1_morphology,visual,Homo_sapiens,0.31940391659736633,0.2617126703262329,"Histopathological feature: Hepatocellular carcinoma, pleomorphic type observed in H&E stained human tissue"
TENX116,3,1,MOR-0070,mucinous degeneration,H1_morphology,visual,Homo_sapiens,0.09308204054832458,0.5665611028671265,Histopathological feature: mucinous degeneration observed in H&E stained human tissue
TENX116,3,2,MOR-10389,Clue cell,H1_morphology,visual,Homo_sapiens,0.3318031132221222,0.5355494618415833,Histopathological feature: Clue cell observed in H&E stained human tissue
TENX116,3,3,MOR-11451,Myxoid degeneration,H1_morphology,visual,Homo_sapiens,0.10716383159160614,0.5288177132606506,Histopathological feature: Myxoid degeneration observed in H&E stained human tissue
TENX116,3,4,MOR-10705,Fibrinous material present,H1_morphology,visual,Homo_sapiens,0.22423191368579865,0.525912880897522,Histopathological feature: Fibrinous material present observed in H&E stained human tissue
TENX116,3,5,MOR-10398,Colloid degeneration,H1_morphology,visual,Homo_sapiens,0.1454685628414154,0.5200455784797668,Histopathological feature: Colloid degeneration observed in H&E stained human tissue
TENX116,3,6,MOR-0066,dystrophic calcification,H1_morphology,visual,Homo_sapiens,0.1972387731075287,0.5038048028945923,Histopathological feature: dystrophic calcification observed in H&E stained human tissue
TENX116,3,7,MOR-0347,normal cerebral white matter,H1_morphology,visual,Homo_sapiens,0.22095251083374023,0.49947813153266907,Histopathological feature: normal cerebral white matter in human brain tissue on H&E stain
TENX116,3,8,MOR-0334,oligodendroglial honeycomb pattern,H1_morphology,visual,Homo_sapiens,0.16891422867774963,0.49436408281326294,Histopathological feature: oligodendroglial honeycomb pattern in human brain tissue on H&E stain
TENX116,3,9,MOR-0336,fibrillary astrocytic morphology,H1_morphology,visual,Homo_sapiens,0.2697719931602478,0.4928743541240692,Histopathological feature: fibrillary astrocytic morphology in human brain tissue on H&E stain
TENX116,3,10,MOR-11285,Medial calcification,H1_morphology,visual,Homo_sapiens,0.2712305188179016,0.49147313833236694,Histopathological feature: Medial calcification observed in H&E stained human tissue
TENX116,3,11,MOR-11150,Laminar necrosis,H1_morphology,visual,Homo_sapiens,0.1749075949192047,0.4755932092666626,Histopathological feature: Laminar necrosis observed in H&E stained human tissue
TENX116,3,12,MOR-12296,Choroidal melanocyte,H1_morphology,visual,Homo_sapiens,0.33078479766845703,0.46840959787368774,Histopathological feature: Choroidal melanocyte observed in H&E stained human tissue
TENX116,3,13,MOR-0398,fibrin deposition,H1_morphology,visual,Homo_sapiens,0.5326385498046875,0.4654886722564697,Tissue microenvironment: fibrin deposition in human tissue on H&E stain
TENX116,3,14,MOR-10701,Fibrin strand,H1_morphology,visual,Homo_sapiens,0.36121639609336853,0.4579046070575714,Histopathological feature: Fibrin strand observed in H&E stained human tissue
TENX116,3,15,MOR-0349,ependymal rosettes,H1_morphology,visual,Homo_sapiens,0.14990957081317902,0.4571361243724823,Histopathological feature: ependymal rosettes in human brain tissue on H&E stain
TENX116,3,16,MOR-11464,Necrotic debris,H1_morphology,visual,Homo_sapiens,0.27954933047294617,0.45651090145111084,Histopathological feature: Necrotic debris observed in H&E stained human tissue
TENX116,3,17,MOR-11151,Laminated calcium deposition,H1_morphology,visual,Homo_sapiens,0.25428158044815063,0.4491255283355713,Histopathological feature: Laminated calcium deposition observed in H&E stained human tissue
TENX116,3,18,MOR-0027,perivascular lymphocytic cuff,H1_morphology,visual,Homo_sapiens,0.16309340298175812,0.44821059703826904,Histopathological feature: perivascular lymphocytic cuff observed in H&E stained human tissue
TENX116,3,19,MOR-0364,normal skeletal muscle,H1_morphology,visual,Homo_sapiens,0.2295086681842804,0.44641780853271484,Normal histology: normal skeletal muscle in H&E stained human tissue
TENX116,3,20,CTY-10227,Microglial nodules,H2_cell_type,visual,Homo_sapiens,0.2682033181190491,0.44309067726135254,Cell type present in human tissue: Microglial nodules
TENX116,3,21,CTY-10431,Brain macroglial cell,H2_cell_type,visual,Homo_sapiens,0.10047876834869385,0.4412655830383301,Cell type present in human tissue: Brain macroglial cell
TENX116,3,22,MOR-10598,Elastoid degeneration,H1_morphology,visual,Homo_sapiens,0.1910904049873352,0.43184906244277954,Histopathological feature: Elastoid degeneration observed in H&E stained human tissue
TENX116,3,23,MOR-10604,Emphysema,H1_morphology,visual,Homo_sapiens,0.04602780193090439,0.4313355088233948,Histopathological feature: Emphysema in human lung tissue on H&E stain
TENX116,3,24,MOR-10178,Basophilic degeneration,H1_morphology,visual,Homo_sapiens,0.2847655117511749,0.42869073152542114,Histopathological feature: Basophilic degeneration observed in H&E stained human tissue
TENX116,3,25,MOR-0340,perivascular pseudorosettes,H1_morphology,visual,Homo_sapiens,0.16194751858711243,0.4272584915161133,Histopathological feature: perivascular pseudorosettes in human brain tissue on H&E stain
TENX116,3,26,MOR-10300,Cellular debris,H1_morphology,visual,Homo_sapiens,0.4330155849456787,0.42599308490753174,Histopathological feature: Cellular debris observed in H&E stained human tissue
TENX116,3,27,MOR-12290,Beige adipocyte,H1_morphology,visual,Homo_sapiens,0.23795287311077118,0.42286691069602966,Histopathological feature: Beige adipocyte observed in H&E stained human tissue
TENX116,3,28,MOR-0017,chicken-wire vasculature,H1_morphology,visual,Homo_sapiens,0.16881197690963745,0.4217725992202759,Histopathological feature: chicken-wire vasculature observed in H&E stained human tissue
TENX116,3,29,MOR-12002,Severe koilocytotic atypia,H1_morphology,visual,Homo_sapiens,0.2357126921415329,0.4216827154159546,Histopathological feature: Severe koilocytotic atypia observed in H&E stained human tissue
TENX116,3,30,MOR-10785,Folded nucleus,H1_morphology,visual,Homo_sapiens,0.13955570757389069,0.42092064023017883,Histological artifact: Folded nucleus in H&E stained human tissue
TENX116,3,31,CTY-11095,Microglial cell,H2_cell_type,visual,Homo_sapiens,0.24259428679943085,0.41988882422447205,Cell type present in human tissue: Microglial cell
TENX116,3,32,MOR-10706,Fibrinous inflammation,H1_morphology,visual,Homo_sapiens,0.05865805596113205,0.4195164442062378,Histopathological feature: Fibrinous inflammation observed in H&E stained human tissue
TENX116,3,33,MOR-11136,Koilocytotic atypia,H1_morphology,visual,Homo_sapiens,0.2779368758201599,0.41811543703079224,Histopathological feature: Koilocytotic atypia observed in H&E stained human tissue
TENX116,3,34,MOR-11887,Reticular fiber,H1_morphology,visual,Homo_sapiens,0.20314869284629822,0.4177148640155792,Histopathological feature: Reticular fiber observed in H&E stained human tissue
TENX116,3,35,MOR-11396,Mucinous lesion,H1_morphology,visual,Homo_sapiens,0.20046845078468323,0.4072715938091278,Histopathological feature: Mucinous lesion observed in H&E stained human tissue
TENX116,3,36,MOR-10269,Calcific sclerosis,H1_morphology,visual,Homo_sapiens,0.2797701954841614,0.406392902135849,Histopathological feature: Calcific sclerosis observed in H&E stained human tissue
TENX116,3,37,MOR-10274,Calcified nodule,H1_morphology,visual,Homo_sapiens,0.34084951877593994,0.40570497512817383,Histopathological feature: Calcified nodule observed in H&E stained human tissue
TENX116,3,38,MOR-10595,Elastin fiber,H1_morphology,visual,Homo_sapiens,0.2682880759239197,0.40407899022102356,Histopathological feature: Elastin fiber observed in H&E stained human tissue
TENX116,3,39,MOR-11869,Reactive fibrosis,H1_morphology,visual,Homo_sapiens,0.13867302238941193,0.4040685296058655,Histopathological feature: Reactive fibrosis observed in H&E stained human tissue
TENX116,3,40,MOR-11690,Perivascular degeneration,H1_morphology,visual,Homo_sapiens,0.058520205318927765,0.3996243476867676,Histopathological feature: Perivascular degeneration observed in H&E stained human tissue
TENX116,3,41,MOR-12334,Macroglial cell,H1_morphology,visual,Homo_sapiens,0.19564509391784668,0.39819109439849854,Histopathological feature: Macroglial cell observed in H&E stained human tissue
TENX116,3,42,MOR-10079,Angiectasia,H1_morphology,visual,Homo_sapiens,0.2695162296295166,0.3919488191604614,Histopathological feature: Angiectasia observed in H&E stained human tissue
TENX116,3,43,MOR-11453,Myxoma,H1_morphology,visual,Homo_sapiens,0.372108519077301,0.38823193311691284,Histopathological feature: Myxoma observed in H&E stained human tissue
TENX116,3,44,MOR-0024,vascular ectasia,H1_morphology,visual,Homo_sapiens,0.24435079097747803,0.38775068521499634,Histopathological feature: vascular ectasia observed in H&E stained human tissue
TENX116,3,45,MOR-12266,White fiber,H1_morphology,visual,Homo_sapiens,-0.006983562372624874,0.387395441532135,Histopathological feature: White fiber observed in H&E stained human tissue
TENX116,3,46,CTY-11140,Myelinating glial cell,H2_cell_type,visual,Homo_sapiens,0.19347898662090302,0.38563868403434753,Cell type present in human tissue: Myelinating glial cell
TENX116,3,47,MOR-0346,normal cerebral gray matter,H1_morphology,visual,Homo_sapiens,0.16345912218093872,0.3834115266799927,Histopathological feature: normal cerebral gray matter in human brain tissue on H&E stain
TENX116,3,48,MOR-11911,Ring fibers,H1_morphology,visual,Homo_sapiens,0.15201042592525482,0.37887823581695557,Histopathological feature: Ring fibers observed in H&E stained human tissue
TENX116,3,49,MOR-10569,Dry degeneration,H1_morphology,visual,Homo_sapiens,0.3782942295074463,0.37861502170562744,Histopathological feature: Dry degeneration observed in H&E stained human tissue
TENX116,3,50,MOR-11009,Inflammation with stasis,H1_morphology,visual,Homo_sapiens,0.10289503633975983,0.37847158312797546,Histopathological feature: Inflammation with stasis observed in H&E stained human tissue
TENX116,4,1,MOR-12290,Beige adipocyte,H1_morphology,visual,Homo_sapiens,0.5160850286483765,0.5602490901947021,Histopathological feature: Beige adipocyte observed in H&E stained human tissue
TENX116,4,2,MOR-12310,Fat body cell,H1_morphology,visual,Homo_sapiens,0.3366907835006714,0.47135570645332336,Histopathological feature: Fat body cell observed in H&E stained human tissue
TENX116,4,3,MOR-11730,Pleomorphic lipoma,H1_morphology,visual,Homo_sapiens,0.5528594255447388,0.4500112235546112,Histopathological feature: Pleomorphic lipoma observed in H&E stained human tissue
TENX116,4,4,MOR-10689,Fat necrosis,H1_morphology,visual,Homo_sapiens,0.3106774091720581,0.4339819550514221,Histopathological feature: Fat necrosis observed in H&E stained human tissue
TENX116,4,5,MOR-0122,fat necrosis in breast,H1_morphology,visual,Homo_sapiens,0.4261334240436554,0.4293934404850006,Histopathological feature: fat necrosis in breast in human breast tissue on H&E stain
TENX116,4,6,MOR-0363,normal adipose tissue,H1_morphology,visual,Homo_sapiens,0.347521036863327,0.42912623286247253,Normal histology: normal adipose tissue in H&E stained human tissue
TENX116,4,7,MOR-11194,Lipogranulomatous finding,H1_morphology,visual,Homo_sapiens,0.5304884314537048,0.41168099641799927,Histopathological feature: Lipogranulomatous finding observed in H&E stained human tissue
TENX116,4,8,MOR-0027,perivascular lymphocytic cuff,H1_morphology,visual,Homo_sapiens,0.31736597418785095,0.39879339933395386,Histopathological feature: perivascular lymphocytic cuff observed in H&E stained human tissue
TENX116,4,9,MOR-0377,normal serosal surface,H1_morphology,visual,Homo_sapiens,0.32970166206359863,0.39727717638015747,Normal histology: normal serosal surface in H&E stained human tissue
TENX116,4,10,MOR-11451,Myxoid degeneration,H1_morphology,visual,Homo_sapiens,0.23695364594459534,0.3964870572090149,Histopathological feature: Myxoid degeneration observed in H&E stained human tissue
TENX116,4,11,MOR-0124,normal breast adipose tissue,H1_morphology,visual,Homo_sapiens,0.39978522062301636,0.39185190200805664,Histopathological feature: normal breast adipose tissue in human breast tissue on H&E stain
TENX116,4,12,MOR-0364,normal skeletal muscle,H1_morphology,visual,Homo_sapiens,0.37323570251464844,0.3855888247489929,Normal histology: normal skeletal muscle in H&E stained human tissue
TENX116,4,13,CTY-10227,Microglial nodules,H2_cell_type,visual,Homo_sapiens,0.4090510308742523,0.3814346492290497,Cell type present in human tissue: Microglial nodules
TENX116,4,14,MOR-10598,Elastoid degeneration,H1_morphology,visual,Homo_sapiens,0.33667510747909546,0.3810555040836334,Histopathological feature: Elastoid degeneration observed in H&E stained human tissue
TENX116,4,15,MOR-10398,Colloid degeneration,H1_morphology,visual,Homo_sapiens,0.2635079622268677,0.37795573472976685,Histopathological feature: Colloid degeneration observed in H&E stained human tissue
TENX116,4,16,MOR-0214,macrovesicular steatosis,H1_morphology,visual,Homo_sapiens,0.34846389293670654,0.37466859817504883,Histopathological feature: macrovesicular steatosis in human liver tissue on H&E stain
TENX116,4,17,CTY-11095,Microglial cell,H2_cell_type,visual,Homo_sapiens,0.3833155333995819,0.37104353308677673,Cell type present in human tissue: Microglial cell
TENX116,4,18,MOR-12097,Steatosis,H1_morphology,visual,Homo_sapiens,0.1803288459777832,0.3663930594921112,Histopathological feature: Steatosis observed in H&E stained human tissue
TENX116,4,19,MOR-11673,Periarteriolar lymphoid sheath,H1_morphology,visual,Homo_sapiens,0.3174859881401062,0.36313220858573914,Histopathological feature: Periarteriolar lymphoid sheath observed in H&E stained human tissue
TENX116,4,20,MOR-10178,Basophilic degeneration,H1_morphology,visual,Homo_sapiens,0.40265506505966187,0.34462109208106995,Histopathological feature: Basophilic degeneration observed in H&E stained human tissue
TENX116,4,21,MOR-11869,Reactive fibrosis,H1_morphology,visual,Homo_sapiens,0.2638360559940338,0.34021857380867004,Histopathological feature: Reactive fibrosis observed in H&E stained human tissue
TENX116,4,22,MOR-0070,mucinous degeneration,H1_morphology,visual,Homo_sapiens,0.1697859764099121,0.33878058195114136,Histopathological feature: mucinous degeneration observed in H&E stained human tissue
TENX116,4,23,MOR-0066,dystrophic calcification,H1_morphology,visual,Homo_sapiens,0.2899523377418518,0.3381913900375366,Histopathological feature: dystrophic calcification observed in H&E stained human tissue
TENX116,4,24,MOR-11468,Necrotizing inflammation,H1_morphology,visual,Homo_sapiens,0.1782970428466797,0.3380531668663025,Histopathological feature: Necrotizing inflammation observed in H&E stained human tissue
TENX116,4,25,MOR-10604,Emphysema,H1_morphology,visual,Homo_sapiens,0.14687854051589966,0.315310537815094,Histopathological feature: Emphysema in human lung tissue on H&E stain
TENX116,4,26,MOR-12365,Slow muscle cell,H1_morphology,visual,Homo_sapiens,0.40552985668182373,0.31276050209999084,Histopathological feature: Slow muscle cell observed in H&E stained human tissue
TENX116,4,27,MOR-11285,Medial calcification,H1_morphology,visual,Homo_sapiens,0.3432297706604004,0.3069917857646942,Histopathological feature: Medial calcification observed in H&E stained human tissue
TENX116,4,28,MOR-11105,Invasive micropapillary carcinoma of breast,H1_morphology,visual,Homo_sapiens,0.3773795962333679,0.30649468302726746,Histopathological feature: Invasive micropapillary carcinoma of breast in human breast tissue on H&E stain
TENX116,4,29,MOR-0105,invasive lobular carcinoma discohesive pattern,H1_morphology,visual,Homo_sapiens,0.4584261476993561,0.30599308013916016,Histopathological feature: invasive lobular carcinoma discohesive pattern in human breast tissue on H&E stain
TENX116,4,30,CTY-11521,Thoracic aorta endothelial cell,H2_cell_type,visual,Homo_sapiens,0.3706142008304596,0.3043641448020935,Cell type present in human tissue: Thoracic aorta endothelial cell
TENX116,4,31,CTY-11140,Myelinating glial cell,H2_cell_type,visual,Homo_sapiens,0.2963239550590515,0.3037693500518799,Cell type present in human tissue: Myelinating glial cell
TENX116,4,32,MOR-10599,Elastophagocytosis,H1_morphology,visual,Homo_sapiens,0.4570808708667755,0.2981276214122772,Histopathological feature: Elastophagocytosis observed in H&E stained human tissue
TENX116,4,33,MOR-11911,Ring fibers,H1_morphology,visual,Homo_sapiens,0.25353506207466125,0.29797857999801636,Histopathological feature: Ring fibers observed in H&E stained human tissue
TENX116,4,34,MOR-11696,Persistent inflammation,H1_morphology,visual,Homo_sapiens,0.20844075083732605,0.2964075803756714,Histopathological feature: Persistent inflammation observed in H&E stained human tissue
TENX116,4,35,MOR-0376,normal mesothelial lining,H1_morphology,visual,Homo_sapiens,0.4417712688446045,0.2960824966430664,Normal histology: normal mesothelial lining in H&E stained human tissue
TENX116,4,36,MOR-11427,Multifocal inflammation,H1_morphology,visual,Homo_sapiens,0.24373607337474823,0.29460036754608154,Histopathological feature: Multifocal inflammation observed in H&E stained human tissue
TENX116,4,37,MOR-0039,acute inflammation,H1_morphology,visual,Homo_sapiens,0.12397196888923645,0.29269465804100037,Histopathological feature: acute inflammation observed in H&E stained human tissue
TENX116,4,38,NIC-0044,vessel co-option zone,H2_niche,visual,Homo_sapiens,0.24099507927894592,0.29139113426208496,Spatial tissue niche in human tissue: vessel co-option zone
TENX116,4,39,MOR-10056,Adventitial degeneration,H1_morphology,visual,Homo_sapiens,0.28567004203796387,0.2876777648925781,Histopathological feature: Adventitial degeneration observed in H&E stained human tissue
TENX116,4,40,MOR-11834,Pseudolipomatous hypertrophy,H1_morphology,visual,Homo_sapiens,0.33292388916015625,0.28684693574905396,Histopathological feature: Pseudolipomatous hypertrophy observed in H&E stained human tissue
TENX116,4,41,CTY-10339,Adipose microvascular endothelial cell,H2_cell_type,visual,Homo_sapiens,0.36803779006004333,0.28511273860931396,Cell type present in human tissue: Adipose microvascular endothelial cell
TENX116,4,42,MOR-11963,Sclerosis,H1_morphology,visual,Homo_sapiens,0.34186631441116333,0.2828027606010437,Histopathological feature: Sclerosis in human skin tissue on H&E stain
TENX116,4,43,MOR-0017,chicken-wire vasculature,H1_morphology,visual,Homo_sapiens,0.24554365873336792,0.2820216417312622,Histopathological feature: chicken-wire vasculature observed in H&E stained human tissue
TENX116,4,44,MOR-10389,Clue cell,H1_morphology,visual,Homo_sapiens,0.3708430528640747,0.2816309332847595,Histopathological feature: Clue cell observed in H&E stained human tissue
TENX116,4,45,MOR-11393,Moth-eaten fibers,H1_morphology,visual,Homo_sapiens,0.1868736892938614,0.2815265357494354,Histopathological feature: Moth-eaten fibers observed in H&E stained human tissue
TENX116,4,46,CTY-10550,Cycling glial cell,H2_cell_type,visual,Homo_sapiens,0.11926858127117157,0.2789095640182495,Cell type present in human tissue: Cycling glial cell
TENX116,4,47,CTY-11377,Quiescent skeletal muscle satellite cell,H2_cell_type,visual,Homo_sapiens,0.3604109287261963,0.2759084105491638,Cell type present in human tissue: Quiescent skeletal muscle satellite cell
TENX116,4,48,MOR-11215,Lobulated fibers,H1_morphology,visual,Homo_sapiens,0.2209223210811615,0.2740451693534851,Histopathological feature: Lobulated fibers observed in H&E stained human tissue
TENX116,4,49,MOR-11150,Laminar necrosis,H1_morphology,visual,Homo_sapiens,0.2294146716594696,0.2737194895744324,Histopathological feature: Laminar necrosis observed in H&E stained human tissue
TENX116,4,50,MOR-10676,Extracapsular tissue,H1_morphology,visual,Homo_sapiens,0.48489755392074585,0.2729349136352539,Histopathological feature: Extracapsular tissue observed in H&E stained human tissue
TENX116,5,1,MOR-11673,Periarteriolar lymphoid sheath,H1_morphology,visual,Homo_sapiens,0.33770525455474854,0.4752577841281891,Histopathological feature: Periarteriolar lymphoid sheath observed in H&E stained human tissue
TENX116,5,2,MOR-11468,Necrotizing inflammation,H1_morphology,visual,Homo_sapiens,0.19716793298721313,0.44644343852996826,Histopathological feature: Necrotizing inflammation observed in H&E stained human tissue
TENX116,5,3,MOR-0039,acute inflammation,H1_morphology,visual,Homo_sapiens,0.1638299971818924,0.42686164379119873,Histopathological feature: acute inflammation observed in H&E stained human tissue
TENX116,5,4,MOR-11427,Multifocal inflammation,H1_morphology,visual,Homo_sapiens,0.2809975743293762,0.42088329792022705,Histopathological feature: Multifocal inflammation observed in H&E stained human tissue
TENX116,5,5,MOR-10704,Fibrinoid necrotizing inflammation,H1_morphology,visual,Homo_sapiens,0.23150654137134552,0.39503997564315796,Histopathological feature: Fibrinoid necrotizing inflammation observed in H&E stained human tissue
TENX116,5,6,MOR-10554,Diffuse inflammation,H1_morphology,visual,Homo_sapiens,0.2441970705986023,0.39182859659194946,Histopathological feature: Diffuse inflammation observed in H&E stained human tissue
TENX116,5,7,MOR-10689,Fat necrosis,H1_morphology,visual,Homo_sapiens,0.20968925952911377,0.36115163564682007,Histopathological feature: Fat necrosis observed in H&E stained human tissue
TENX116,5,8,MOR-0027,perivascular lymphocytic cuff,H1_morphology,visual,Homo_sapiens,0.23552411794662476,0.3491116166114807,Histopathological feature: perivascular lymphocytic cuff observed in H&E stained human tissue
TENX116,5,9,MOR-12290,Beige adipocyte,H1_morphology,visual,Homo_sapiens,0.3139408528804779,0.34243911504745483,Histopathological feature: Beige adipocyte observed in H&E stained human tissue
TENX116,5,10,MOR-10026,Acute inflammatory infiltrate,H1_morphology,visual,Homo_sapiens,0.23823395371437073,0.3379601836204529,Histopathological feature: Acute inflammatory infiltrate observed in H&E stained human tissue
TENX116,5,11,MOR-0035,neutrophilic infiltrate,H1_morphology,visual,Homo_sapiens,0.2924045920372009,0.33511945605278015,Histopathological feature: neutrophilic infiltrate observed in H&E stained human tissue
TENX116,5,12,CTY-11171,Nasal and broncial associated lymphoid tissue macrophage,H2_cell_type,visual,Homo_sapiens,0.3431229591369629,0.3342666029930115,Cell type present in human tissue: Nasal and broncial associated lymphoid tissue macrophage
TENX116,5,13,MOR-11749,Polymorphonuclear cell infiltrate,H1_morphology,visual,Homo_sapiens,0.3559536337852478,0.3301698565483093,Histopathological feature: Polymorphonuclear cell infiltrate observed in H&E stained human tissue
TENX116,5,14,MOR-0006,fibrinoid necrosis,H1_morphology,visual,Homo_sapiens,0.25860595703125,0.32526296377182007,Histopathological feature: fibrinoid necrosis observed in H&E stained human tissue
TENX116,5,15,MOR-11791,Progressive inflammation,H1_morphology,visual,Homo_sapiens,0.24789512157440186,0.3198356330394745,Histopathological feature: Progressive inflammation observed in H&E stained human tissue
TENX116,5,16,MOR-11009,Inflammation with stasis,H1_morphology,visual,Homo_sapiens,0.17843185365200043,0.3186988830566406,Histopathological feature: Inflammation with stasis observed in H&E stained human tissue
TENX116,5,17,CTY-11095,Microglial cell,H2_cell_type,visual,Homo_sapiens,0.29605668783187866,0.3033014237880707,Cell type present in human tissue: Microglial cell
TENX116,5,18,MOR-11389,Monomorphic cellular infiltrate,H1_morphology,visual,Homo_sapiens,0.4534136652946472,0.2986842095851898,Histopathological feature: Monomorphic cellular infiltrate observed in H&E stained human tissue
TENX116,5,19,MOR-11194,Lipogranulomatous finding,H1_morphology,visual,Homo_sapiens,0.4124230742454529,0.29748648405075073,Histopathological feature: Lipogranulomatous finding observed in H&E stained human tissue
TENX116,5,20,MOR-0122,fat necrosis in breast,H1_morphology,visual,Homo_sapiens,0.2922050356864929,0.29652664065361023,Histopathological feature: fat necrosis in breast in human breast tissue on H&E stain
TENX116,5,21,MOR-0172,Crohn-like lymphoid reaction,H1_morphology,visual,Homo_sapiens,0.24999788403511047,0.29557645320892334,Histopathological feature: Crohn-like lymphoid reaction in human colorectal tissue on H&E stain
TENX116,5,22,MOR-12124,Subacute lymphocytic inflammation,H1_morphology,visual,Homo_sapiens,0.24341757595539093,0.29438281059265137,Histopathological feature: Subacute lymphocytic inflammation observed in H&E stained human tissue
TENX116,5,23,MOR-11571,Organizing inflammation,H1_morphology,visual,Homo_sapiens,0.016901589930057526,0.2904713749885559,Histopathological feature: Organizing inflammation observed in H&E stained human tissue
TENX116,5,24,MOR-0038,chronic inflammation,H1_morphology,visual,Homo_sapiens,0.2113470733165741,0.2900051474571228,Histopathological feature: chronic inflammation observed in H&E stained human tissue
TENX116,5,25,MOR-0037,mixed inflammatory infiltrate,H1_morphology,visual,Homo_sapiens,0.3203982412815094,0.2877219319343567,Histopathological feature: mixed inflammatory infiltrate observed in H&E stained human tissue
TENX116,5,26,MOR-10363,Chronic lymphoid follicular inflammation,H1_morphology,visual,Homo_sapiens,0.23308604955673218,0.2864924967288971,Histopathological feature: Chronic lymphoid follicular inflammation observed in H&E stained human tissue
TENX116,5,27,MOR-10878,Granulomatosis,H1_morphology,visual,Homo_sapiens,0.397379070520401,0.28645241260528564,Histopathological feature: Granulomatosis in human skin tissue on H&E stain
TENX116,5,28,MOR-0214,macrovesicular steatosis,H1_morphology,visual,Homo_sapiens,0.24723558127880096,0.2856384813785553,Histopathological feature: macrovesicular steatosis in human liver tissue on H&E stain
TENX116,5,29,MOR-0079,single-file infiltration,H1_morphology,visual,Homo_sapiens,0.3466019928455353,0.28531092405319214,Histopathological feature: single-file infiltration observed in H&E stained human tissue
TENX116,5,30,MOR-11239,Lymphocytic-plasmacytic inflammation,H1_morphology,visual,Homo_sapiens,0.39346298575401306,0.28382909297943115,Histopathological feature: Lymphocytic-plasmacytic inflammation observed in H&E stained human tissue
TENX116,5,31,MOR-12097,Steatosis,H1_morphology,visual,Homo_sapiens,0.07992848753929138,0.28235119581222534,Histopathological feature: Steatosis observed in H&E stained human tissue
TENX116,5,32,MOR-10028,Acute exudative inflammation,H1_morphology,visual,Homo_sapiens,0.3199567198753357,0.2821652293205261,Histopathological feature: Acute exudative inflammation observed in H&E stained human tissue
TENX116,5,33,MOR-10539,Diffuse cellular infiltrate,H1_morphology,visual,Homo_sapiens,0.3599494695663452,0.2811381220817566,Histopathological feature: Diffuse cellular infiltrate observed in H&E stained human tissue
TENX116,5,34,MOR-11865,Reactive germinal centers present,H1_morphology,visual,Homo_sapiens,0.23303300142288208,0.27790307998657227,Histopathological feature: Reactive germinal centers present observed in H&E stained human tissue
TENX116,5,35,MOR-10178,Basophilic degeneration,H1_morphology,visual,Homo_sapiens,0.3200061321258545,0.27746039628982544,Histopathological feature: Basophilic degeneration observed in H&E stained human tissue
TENX116,5,36,MOR-10359,Chronic hemorrhagic inflammation,H1_morphology,visual,Homo_sapiens,0.1948115974664688,0.2767369747161865,Histopathological feature: Chronic hemorrhagic inflammation observed in H&E stained human tissue
TENX116,5,37,NIC-0044,vessel co-option zone,H2_niche,visual,Homo_sapiens,0.19429850578308105,0.2766817510128021,Spatial tissue niche in human tissue: vessel co-option zone
TENX116,5,38,MOR-12310,Fat body cell,H1_morphology,visual,Homo_sapiens,0.15741360187530518,0.27598661184310913,Histopathological feature: Fat body cell observed in H&E stained human tissue
TENX116,5,39,MOR-0377,normal serosal surface,H1_morphology,visual,Homo_sapiens,0.20516866445541382,0.2754718065261841,Normal histology: normal serosal surface in H&E stained human tissue
TENX116,5,40,MOR-11155,Langhans giant cell,H1_morphology,visual,Homo_sapiens,0.23947738111019135,0.2742786109447479,Histopathological feature: Langhans giant cell observed in H&E stained human tissue
TENX116,5,41,MOR-11748,Polymorphic cellular infiltrate,H1_morphology,visual,Homo_sapiens,0.41710811853408813,0.2736252546310425,Histopathological feature: Polymorphic cellular infiltrate observed in H&E stained human tissue
TENX116,5,42,MOR-11125,Karyorrhexis,H1_morphology,visual,Homo_sapiens,0.2779754400253296,0.2735435962677002,Histopathological feature: Karyorrhexis observed in H&E stained human tissue
TENX116,5,43,MOR-11686,Perivascular lymphocytic infiltrate,H1_morphology,visual,Homo_sapiens,0.21227425336837769,0.27345210313796997,Histopathological feature: Perivascular lymphocytic infiltrate observed in H&E stained human tissue
TENX116,5,44,MOR-10598,Elastoid degeneration,H1_morphology,visual,Homo_sapiens,0.22204038500785828,0.27158239483833313,Histopathological feature: Elastoid degeneration observed in H&E stained human tissue
TENX116,5,45,MOR-10373,Classic lymphocytic colitis,H1_morphology,visual,Homo_sapiens,0.24658289551734924,0.2709386944770813,Histopathological feature: Classic lymphocytic colitis observed in H&E stained human tissue
TENX116,5,46,MOR-10142,Atypical inflammation,H1_morphology,visual,Homo_sapiens,0.16526876389980316,0.27088624238967896,Histopathological feature: Atypical inflammation observed in H&E stained human tissue
TENX116,5,47,MOR-0182,inflammatory bowel disease dysplasia,H1_morphology,visual,Homo_sapiens,0.3014712631702423,0.26809263229370117,Histopathological feature: inflammatory bowel disease dysplasia in human colorectal tissue on H&E stain
TENX116,5,48,MOR-11696,Persistent inflammation,H1_morphology,visual,Homo_sapiens,0.15024347603321075,0.26479968428611755,Histopathological feature: Persistent inflammation observed in H&E stained human tissue
TENX116,5,49,CTY-0050,germinal center B cell,H2_cell_type,visual,Homo_sapiens,0.18627460300922394,0.2645794749259949,"Cell type present in human tissue: germinal center B cell, expressing BCL6, AICDA, MME, SUGCT, RGS13"
TENX116,5,50,MOR-11948,Scleroderma,H1_morphology,visual,Homo_sapiens,0.2683505117893219,0.2627522349357605,Histopathological feature: Scleroderma observed in H&E stained human tissue
