run,stage,method,num_steps,guidance_scale,noise_seed,n_slides,masked_mse_micro,masked_rmse_micro,masked_mae_micro,mean_slide_mean_gene_pcc,median_slide_mean_gene_pcc,mean_gene_mean_slide_pcc
smoke_euler10_cfg1_seed41001,smoke,euler,10,1,41001,2,0.527505228,0.726295552,0.526757624,0.198339532,0.198339532,0.197533356
stageA2_euler2_cfg1.0_seed41001,stageA2,euler,2,1,41001,96,0.24036038,0.490265621,0.294278924,0.206375582,0.137966188,0.17690426
stageA2_euler5_cfg1.0_seed41001,stageA2,euler,5,1,41001,96,0.253858238,0.503843465,0.303769026,0.182124581,0.112442593,0.153019069
stageA_euler10_cfg1.0_seed41001,stageA,euler,10,1,41001,96,0.260481466,0.510373849,0.308335052,0.174144128,0.105742859,0.145389378
stageA_euler25_cfg1.0_seed41001,stageA,euler,25,1,41001,96,0.265076706,0.514856005,0.311442751,0.169299133,0.10178651,0.140770402
stageA_euler50_cfg1.0_seed41001,stageA,euler,50,1,41001,96,0.26672,0.516449417,0.312544301,0.167676257,0.100494806,0.13923022
stageA_rk410_cfg1.0_seed41001,stageA,rk4,10,1,41001,96,0.268423074,0.518095623,0.313679668,0.166049973,0.0991852621,0.137691982
stageA_rk425_cfg1.0_seed41001,stageA,rk4,25,1,41001,96,0.268428678,0.518101031,0.313683017,0.166045598,0.0992042509,0.137684109
stageB_euler2_cfg1.25_seed41001,stageB,euler,2,1.25,41001,96,0.241204796,0.491126049,0.294482925,0.218131808,0.150136649,0.187909247
stageB_euler2_cfg1.50_seed41001,stageB,euler,2,1.5,41001,96,0.246307096,0.496293357,0.297319675,0.223926554,0.157799499,0.193729889
stageB_euler2_cfg2.00_seed41001,stageB,euler,2,2,41001,96,0.260657865,0.510546634,0.305597849,0.226204805,0.165942961,0.196643447
stageC_euler2_cfg1.0_seed42001,stageC,euler,2,1,42001,96,0.240489323,0.490397108,0.294410219,0.205841422,0.136654389,0.176993418
stageC_euler2_cfg1.0_seed43001,stageC,euler,2,1,43001,96,0.240437632,0.490344402,0.294404852,0.207641466,0.140009717,0.178590361
stageC_euler2_cfg1.0_seed44001,stageC,euler,2,1,44001,96,0.240624999,0.490535421,0.294458296,0.205867504,0.137255244,0.176968587
stageC_euler2_cfg1.0_seed45001,stageC,euler,2,1,45001,96,0.240367303,0.490272682,0.294342105,0.205511659,0.140579864,0.176595033
stageC_euler2_cfg1.5_seed42001,stageC,euler,2,1.5,42001,96,0.24646891,0.496456352,0.297434876,0.223232052,0.154441904,0.193514378
stageC_euler2_cfg1.5_seed43001,stageC,euler,2,1.5,43001,96,0.246399464,0.496386406,0.297426368,0.224456485,0.160904464,0.194596385
stageC_euler2_cfg1.5_seed44001,stageC,euler,2,1.5,44001,96,0.246485815,0.496473377,0.297406578,0.223322044,0.163780745,0.193572749
stageC_euler2_cfg1.5_seed45001,stageC,euler,2,1.5,45001,96,0.246284764,0.496270857,0.297353068,0.22303694,0.162518844,0.19320974
stageC_euler2_cfg2.0_seed42001,stageC,euler,2,2,42001,96,0.26078653,0.510672625,0.305676773,0.225473696,0.163658831,0.196304404
stageC_euler2_cfg2.0_seed43001,stageC,euler,2,2,43001,96,0.260774077,0.510660432,0.305687395,0.226338395,0.165918085,0.197089269
stageC_euler2_cfg2.0_seed44001,stageC,euler,2,2,44001,96,0.260872557,0.510756848,0.305680618,0.225435109,0.167990604,0.19624862
stageC_euler2_cfg2.0_seed45001,stageC,euler,2,2,45001,96,0.260622378,0.510511879,0.305616114,0.225342728,0.168422333,0.196091293
