expert_id,pair_type,n_pairs,mean_pearson,mean_spearman
0,all,253,0.0681718892,0.0682539153
0,Visium-Visium,120,0.0561493932,0.0560266876
0,Xenium-Xenium,21,0.0910422787,0.0946128599
0,cross-technology,112,0.0767649369,0.0764122144
1,all,253,0.16164002,0.150558872
1,Visium-Visium,120,0.245036206,0.230734063
1,Xenium-Xenium,21,0.268878115,0.263074204
1,cross-technology,112,0.052179821,0.0435602581
2,all,253,0.132553929,0.125213815
2,Visium-Visium,120,0.272543145,0.262842784
2,Xenium-Xenium,21,0.098360529,0.091902789
2,cross-technology,112,-0.0110232551,-0.0159999782
3,all,253,0.245318477,0.239639477
3,Visium-Visium,120,0.247241247,0.23902581
3,Xenium-Xenium,21,0.586838619,0.573247584
3,cross-technology,112,0.17922334,0.177745458
4,all,253,0.231333042,0.228796082
4,Visium-Visium,120,0.328393139,0.324119899
4,Xenium-Xenium,21,0.101739637,0.102277402
4,cross-technology,112,0.151638844,0.150385673
5,all,253,0.157247186,0.155302382
5,Visium-Visium,120,0.215404671,0.209283688
5,Xenium-Xenium,21,0.386782146,0.383835259
5,cross-technology,112,0.0518977905,0.0546153526
