expert_id,slide_a,slide_b,pair_type,pearson,spearman
0,INT13,INT14,Visium-Visium,0.87900713,0.864595364
0,INT13,INT15,Visium-Visium,0.790119252,0.780492654
0,INT13,INT24,Visium-Visium,0.695912616,0.670037736
0,INT13,MEND154,Visium-Visium,-0.314013425,-0.301590245
0,INT13,MEND156,Visium-Visium,-0.534054915,-0.496810352
0,INT13,MEND157,Visium-Visium,-0.344174771,-0.322626212
0,INT13,MEND158,Visium-Visium,-0.44407544,-0.432683901
0,INT13,MEND159,Visium-Visium,0.157925969,0.119908792
0,INT13,MEND160,Visium-Visium,-0.509874714,-0.484433315
0,INT13,MEND161,Visium-Visium,-0.519016196,-0.491788534
0,INT13,MEND162,Visium-Visium,0.185929257,0.201363898
0,INT13,NCBI643,Visium-Visium,0.32380919,0.32733253
0,INT13,NCBI684,Visium-Visium,-0.0501200102,-0.0493409205
0,INT13,TENX116,cross-technology,-0.473569692,-0.446518448
0,INT13,TENX117,cross-technology,-0.226503336,-0.220537358
0,INT13,TENX141,cross-technology,0.703646007,0.682897366
0,INT13,TENX147,cross-technology,0.251698443,0.265354943
0,INT13,TENX148,cross-technology,-0.304121102,-0.317494543
0,INT13,TENX149,cross-technology,0.320662462,0.305482516
0,INT13,TENX99,cross-technology,-0.167431924,-0.148648968
0,INT13,ZEN48,Visium-Visium,0.105744376,0.0808641619
0,INT13,ZEN49,Visium-Visium,0.170917188,0.148666971
0,INT14,INT15,Visium-Visium,0.643581491,0.632747179
0,INT14,INT24,Visium-Visium,0.652400887,0.614811953
0,INT14,MEND154,Visium-Visium,-0.214195096,-0.205492352
0,INT14,MEND156,Visium-Visium,-0.447578389,-0.418504558
0,INT14,MEND157,Visium-Visium,-0.295190753,-0.276539951
0,INT14,MEND158,Visium-Visium,-0.263954758,-0.266689187
0,INT14,MEND159,Visium-Visium,0.189434978,0.15339205
0,INT14,MEND160,Visium-Visium,-0.39425956,-0.38209581
0,INT14,MEND161,Visium-Visium,-0.376633486,-0.352830301
0,INT14,MEND162,Visium-Visium,0.114600352,0.120366785
0,INT14,NCBI643,Visium-Visium,0.428092147,0.425638908
0,INT14,NCBI684,Visium-Visium,-0.0966074342,-0.0956893321
0,INT14,TENX116,cross-technology,-0.494625124,-0.471925188
0,INT14,TENX117,cross-technology,-0.219245287,-0.224530723
0,INT14,TENX141,cross-technology,0.533230653,0.511948124
0,INT14,TENX147,cross-technology,0.11107909,0.12705932
0,INT14,TENX148,cross-technology,-0.297598628,-0.298464349
0,INT14,TENX149,cross-technology,0.20576992,0.196255246
0,INT14,TENX99,cross-technology,-0.0730904068,-0.0663268918
0,INT14,ZEN48,Visium-Visium,0.187013393,0.171024488
0,INT14,ZEN49,Visium-Visium,0.204585972,0.18770512
0,INT15,INT24,Visium-Visium,0.534578983,0.514994432
0,INT15,MEND154,Visium-Visium,-0.238814339,-0.248585104
0,INT15,MEND156,Visium-Visium,-0.616629194,-0.585616222
0,INT15,MEND157,Visium-Visium,-0.249621711,-0.248179141
0,INT15,MEND158,Visium-Visium,-0.521988035,-0.507808457
0,INT15,MEND159,Visium-Visium,0.183573053,0.147856284
0,INT15,MEND160,Visium-Visium,-0.633581531,-0.613974731
0,INT15,MEND161,Visium-Visium,-0.514020812,-0.500116438
0,INT15,MEND162,Visium-Visium,0.114257013,0.134291286
0,INT15,NCBI643,Visium-Visium,-0.0194354861,-0.0107976585
0,INT15,NCBI684,Visium-Visium,-0.344868079,-0.324461556
0,INT15,TENX116,cross-technology,-0.44273915,-0.41526645
0,INT15,TENX117,cross-technology,-0.554921978,-0.534950149
0,INT15,TENX141,cross-technology,0.686265868,0.653767194
0,INT15,TENX147,cross-technology,-0.00143837533,0.014651396
0,INT15,TENX148,cross-technology,-0.427898881,-0.434297537
0,INT15,TENX149,cross-technology,0.534244777,0.51060086
0,INT15,TENX99,cross-technology,-0.473703304,-0.441295585
0,INT15,ZEN48,Visium-Visium,0.195185402,0.150722549
0,INT15,ZEN49,Visium-Visium,0.244878954,0.204457925
0,INT24,MEND154,Visium-Visium,-0.170183235,-0.169856804
0,INT24,MEND156,Visium-Visium,-0.397181682,-0.372502551
0,INT24,MEND157,Visium-Visium,-0.264387486,-0.252799701
0,INT24,MEND158,Visium-Visium,-0.228920858,-0.225435466
0,INT24,MEND159,Visium-Visium,0.254528093,0.219955334
0,INT24,MEND160,Visium-Visium,-0.309410107,-0.296094704
0,INT24,MEND161,Visium-Visium,-0.406742128,-0.39079073
0,INT24,MEND162,Visium-Visium,0.331271764,0.331297884
0,INT24,NCBI643,Visium-Visium,0.46043104,0.450651848
0,INT24,NCBI684,Visium-Visium,0.0939315088,0.0970919106
0,INT24,TENX116,cross-technology,-0.076200143,-0.0475749167
0,INT24,TENX117,cross-technology,0.146053573,0.137214045
0,INT24,TENX141,cross-technology,0.615242905,0.58732506
0,INT24,TENX147,cross-technology,0.419396339,0.4146252
0,INT24,TENX148,cross-technology,-0.278483898,-0.271635832
0,INT24,TENX149,cross-technology,0.330362285,0.311229372
0,INT24,TENX99,cross-technology,0.121816277,0.125934242
0,INT24,ZEN48,Visium-Visium,0.268432035,0.236333672
0,INT24,ZEN49,Visium-Visium,0.375232196,0.344327994
0,MEND154,MEND156,Visium-Visium,0.571423101,0.584407383
0,MEND154,MEND157,Visium-Visium,0.959722608,0.954338277
0,MEND154,MEND158,Visium-Visium,0.344872354,0.345490347
0,MEND154,MEND159,Visium-Visium,-0.730746575,-0.732232953
0,MEND154,MEND160,Visium-Visium,0.428659316,0.437106849
0,MEND154,MEND161,Visium-Visium,0.817999466,0.802985599
0,MEND154,MEND162,Visium-Visium,0.531424776,0.504799805
0,MEND154,NCBI643,Visium-Visium,0.257599628,0.252319472
0,MEND154,NCBI684,Visium-Visium,0.30288987,0.304538875
0,MEND154,TENX116,cross-technology,0.478499878,0.464970864
0,MEND154,TENX117,cross-technology,0.259374504,0.281103335
0,MEND154,TENX141,cross-technology,-0.315652592,-0.314528805
0,MEND154,TENX147,cross-technology,0.205972708,0.194981977
0,MEND154,TENX148,cross-technology,0.0937334075,0.113758101
0,MEND154,TENX149,cross-technology,-0.395527764,-0.40559547
0,MEND154,TENX99,cross-technology,0.410905448,0.411401503
0,MEND154,ZEN48,Visium-Visium,-0.339468776,-0.349950739
0,MEND154,ZEN49,Visium-Visium,-0.368994748,-0.376043097
0,MEND156,MEND157,Visium-Visium,0.612109513,0.616567207
0,MEND156,MEND158,Visium-Visium,0.804164796,0.791393921
0,MEND156,MEND159,Visium-Visium,-0.556471544,-0.52900948
0,MEND156,MEND160,Visium-Visium,0.938357714,0.932885623
0,MEND156,MEND161,Visium-Visium,0.841345044,0.83905182
0,MEND156,MEND162,Visium-Visium,0.196363561,0.192722874
0,MEND156,NCBI643,Visium-Visium,0.172774108,0.163171842
0,MEND156,NCBI684,Visium-Visium,0.279652624,0.254873788
0,MEND156,TENX116,cross-technology,0.525698614,0.495099541
0,MEND156,TENX117,cross-technology,0.435458561,0.407835127
0,MEND156,TENX141,cross-technology,-0.637180119,-0.609202907
0,MEND156,TENX147,cross-technology,0.170269412,0.153373511
0,MEND156,TENX148,cross-technology,0.275396437,0.270702134
0,MEND156,TENX149,cross-technology,-0.485117034,-0.456229564
0,MEND156,TENX99,cross-technology,0.470924882,0.439399429
0,MEND156,ZEN48,Visium-Visium,-0.38871446,-0.355603641
0,MEND156,ZEN49,Visium-Visium,-0.379924234,-0.346490265
0,MEND157,MEND158,Visium-Visium,0.366898528,0.366967063
0,MEND157,MEND159,Visium-Visium,-0.79396839,-0.793651589
0,MEND157,MEND160,Visium-Visium,0.459473386,0.465007856
0,MEND157,MEND161,Visium-Visium,0.846157085,0.830080093
0,MEND157,MEND162,Visium-Visium,0.51844354,0.495752698
0,MEND157,NCBI643,Visium-Visium,0.250332599,0.244856397
0,MEND157,NCBI684,Visium-Visium,0.35855663,0.357112996
0,MEND157,TENX116,cross-technology,0.524687674,0.507622677
0,MEND157,TENX117,cross-technology,0.217569607,0.235839891
0,MEND157,TENX141,cross-technology,-0.326708478,-0.318679591
0,MEND157,TENX147,cross-technology,0.212195589,0.19963675
0,MEND157,TENX148,cross-technology,0.082633963,0.0914487491
0,MEND157,TENX149,cross-technology,-0.364996855,-0.37281544
0,MEND157,TENX99,cross-technology,0.360673387,0.360568069
0,MEND157,ZEN48,Visium-Visium,-0.436201089,-0.440790406
0,MEND157,ZEN49,Visium-Visium,-0.443598305,-0.444941352
0,MEND158,MEND159,Visium-Visium,-0.217222219,-0.19819995
0,MEND158,MEND160,Visium-Visium,0.911174536,0.901787362
0,MEND158,MEND161,Visium-Visium,0.706182838,0.696538081
0,MEND158,MEND162,Visium-Visium,-0.0184261606,-0.0353184359
0,MEND158,NCBI643,Visium-Visium,0.136228098,0.131456684
0,MEND158,NCBI684,Visium-Visium,0.122528674,0.11608577
0,MEND158,TENX116,cross-technology,0.43940298,0.423961473
0,MEND158,TENX117,cross-technology,0.291566532,0.272424597
0,MEND158,TENX141,cross-technology,-0.64968189,-0.636777905
0,MEND158,TENX147,cross-technology,-0.0570970949,-0.0644619961
0,MEND158,TENX148,cross-technology,0.110487069,0.125040598
0,MEND158,TENX149,cross-technology,-0.339269131,-0.318212354
0,MEND158,TENX99,cross-technology,0.354600424,0.333765084
0,MEND158,ZEN48,Visium-Visium,-0.219922724,-0.19572688
0,MEND158,ZEN49,Visium-Visium,-0.201211297,-0.181083753
0,MEND159,MEND160,Visium-Visium,-0.378967985,-0.354793758
0,MEND159,MEND161,Visium-Visium,-0.640323393,-0.616555942
0,MEND159,MEND162,Visium-Visium,-0.615029514,-0.612872109
0,MEND159,NCBI643,Visium-Visium,-0.331005202,-0.323464052
0,MEND159,NCBI684,Visium-Visium,-0.511458288,-0.482734204
0,MEND159,TENX116,cross-technology,-0.39520156,-0.364592652
0,MEND159,TENX117,cross-technology,-0.25918659,-0.23971056
0,MEND159,TENX141,cross-technology,0.268977389,0.239198688
0,MEND159,TENX147,cross-technology,-0.2434133,-0.221844503
0,MEND159,TENX148,cross-technology,-0.0806700666,-0.0529454805
0,MEND159,TENX149,cross-technology,0.474765707,0.45031445
0,MEND159,TENX99,cross-technology,-0.359394043,-0.336817467
0,MEND159,ZEN48,Visium-Visium,0.576069242,0.559002089
0,MEND159,ZEN49,Visium-Visium,0.563363089,0.54268222
0,MEND160,MEND161,Visium-Visium,0.779959908,0.774288858
0,MEND160,MEND162,Visium-Visium,0.0664016899,0.0540945885
0,MEND160,NCBI643,Visium-Visium,0.17508919,0.168603769
0,MEND160,NCBI684,Visium-Visium,0.25147694,0.234856892
0,MEND160,TENX116,cross-technology,0.486191277,0.465999193
0,MEND160,TENX117,cross-technology,0.436072798,0.410690484
0,MEND160,TENX141,cross-technology,-0.623902231,-0.602166039
0,MEND160,TENX147,cross-technology,0.109787783,0.0953909642
0,MEND160,TENX148,cross-technology,0.25139282,0.255302349
0,MEND160,TENX149,cross-technology,-0.456825917,-0.430311621
0,MEND160,TENX99,cross-technology,0.46763223,0.441412083
0,MEND160,ZEN48,Visium-Visium,-0.308759091,-0.281738418
0,MEND160,ZEN49,Visium-Visium,-0.288791183,-0.261692962
0,MEND161,MEND162,Visium-Visium,0.231728284,0.207249731
0,MEND161,NCBI643,Visium-Visium,0.247779071,0.237980194
0,MEND161,NCBI684,Visium-Visium,0.288964595,0.273372542
0,MEND161,TENX116,cross-technology,0.462511626,0.43852609
0,MEND161,TENX117,cross-technology,0.288226873,0.275762385
0,MEND161,TENX141,cross-technology,-0.525045078,-0.50537876
0,MEND161,TENX147,cross-technology,0.0827887735,0.0696143071
0,MEND161,TENX148,cross-technology,0.224487534,0.234039667
0,MEND161,TENX149,cross-technology,-0.491807823,-0.476076072
0,MEND161,TENX99,cross-technology,0.419167057,0.394415602
0,MEND161,ZEN48,Visium-Visium,-0.372814989,-0.351508642
0,MEND161,ZEN49,Visium-Visium,-0.410793217,-0.388516069
0,MEND162,NCBI643,Visium-Visium,0.390109339,0.386553912
0,MEND162,NCBI684,Visium-Visium,0.428836127,0.413236895
0,MEND162,TENX116,cross-technology,0.370005898,0.357744848
0,MEND162,TENX117,cross-technology,0.350873853,0.330395592
0,MEND162,TENX141,cross-technology,0.0937469918,0.100989964
0,MEND162,TENX147,cross-technology,0.510932715,0.497619993
0,MEND162,TENX148,cross-technology,-0.246714618,-0.246735733
0,MEND162,TENX149,cross-technology,-0.134148571,-0.121497899
0,MEND162,TENX99,cross-technology,0.314349564,0.300938904
0,MEND162,ZEN48,Visium-Visium,-0.302043946,-0.299786708
0,MEND162,ZEN49,Visium-Visium,-0.208841367,-0.207294886
0,NCBI643,NCBI684,Visium-Visium,0.561525964,0.535964201
0,NCBI643,TENX116,cross-technology,0.144209931,0.133162539
0,NCBI643,TENX117,cross-technology,0.46299905,0.441889418
0,NCBI643,TENX141,cross-technology,0.230543925,0.23367267
0,NCBI643,TENX147,cross-technology,0.51686226,0.514322089
0,NCBI643,TENX148,cross-technology,0.0793912926,0.0725740851
0,NCBI643,TENX149,cross-technology,-0.185995825,-0.181705736
0,NCBI643,TENX99,cross-technology,0.559027084,0.539139029
0,NCBI643,ZEN48,Visium-Visium,-0.122123082,-0.108654761
0,NCBI643,ZEN49,Visium-Visium,-0.0631538613,-0.0516322142
0,NCBI684,TENX116,cross-technology,0.550116885,0.550527227
0,NCBI684,TENX117,cross-technology,0.632007601,0.616463745
0,NCBI684,TENX141,cross-technology,-0.101928947,-0.101887405
0,NCBI684,TENX147,cross-technology,0.537377554,0.505564855
0,NCBI684,TENX148,cross-technology,0.493678375,0.470348523
0,NCBI684,TENX149,cross-technology,-0.507841701,-0.499361733
0,NCBI684,TENX99,cross-technology,0.714402665,0.704996032
0,NCBI684,ZEN48,Visium-Visium,-0.493073532,-0.469170041
0,NCBI684,ZEN49,Visium-Visium,-0.448658843,-0.427359598
0,TENX116,TENX117,Xenium-Xenium,0.441709729,0.436828434
0,TENX116,TENX141,Xenium-Xenium,-0.490907651,-0.456852464
0,TENX116,TENX147,Xenium-Xenium,0.219331344,0.207299214
0,TENX116,TENX148,Xenium-Xenium,0.268863579,0.261890558
0,TENX116,TENX149,Xenium-Xenium,-0.234412865,-0.230886214
0,TENX116,TENX99,Xenium-Xenium,0.534869215,0.527977081
0,TENX116,ZEN48,cross-technology,-0.271903007,-0.254927352
0,TENX116,ZEN49,cross-technology,-0.210814152,-0.198281951
0,TENX117,TENX141,Xenium-Xenium,-0.156660373,-0.138175989
0,TENX117,TENX147,Xenium-Xenium,0.552303583,0.542402566
0,TENX117,TENX148,Xenium-Xenium,0.454877779,0.45700461
0,TENX117,TENX149,Xenium-Xenium,-0.53921125,-0.500222634
0,TENX117,TENX99,Xenium-Xenium,0.806356798,0.786528178
0,TENX117,ZEN48,cross-technology,-0.238421178,-0.209581887
0,TENX117,ZEN49,cross-technology,-0.214597115,-0.18558536
0,TENX141,TENX147,Xenium-Xenium,0.3305135,0.325443607
0,TENX141,TENX148,Xenium-Xenium,-0.307394553,-0.302092666
0,TENX141,TENX149,Xenium-Xenium,0.452125516,0.431274979
0,TENX141,TENX99,Xenium-Xenium,-0.345321447,-0.316860047
0,TENX141,ZEN48,cross-technology,0.353128572,0.320388012
0,TENX141,ZEN49,cross-technology,0.398102254,0.367082582
0,TENX147,TENX148,Xenium-Xenium,0.120372223,0.11664445
0,TENX147,TENX149,Xenium-Xenium,0.0430965935,0.0526434018
0,TENX147,TENX99,Xenium-Xenium,0.429716269,0.418252726
0,TENX147,ZEN48,cross-technology,-0.0112888325,0.00322475455
0,TENX147,ZEN49,cross-technology,0.0992564165,0.111180413
0,TENX148,TENX149,Xenium-Xenium,-0.63176836,-0.613249003
0,TENX148,TENX99,Xenium-Xenium,0.539491448,0.524621543
0,TENX148,ZEN48,cross-technology,-0.344079493,-0.301878681
0,TENX148,ZEN49,cross-technology,-0.450545435,-0.406082468
0,TENX149,TENX99,Xenium-Xenium,-0.576063225,-0.543602271
0,TENX149,ZEN48,cross-technology,0.67977127,0.653700477
0,TENX149,ZEN49,cross-technology,0.776157323,0.752288074
0,TENX99,ZEN48,cross-technology,-0.35708193,-0.328811993
0,TENX99,ZEN49,cross-technology,-0.347180483,-0.315838051
0,ZEN48,ZEN49,Visium-Visium,0.966156755,0.963039367
1,INT13,INT14,Visium-Visium,0.88674328,0.87622561
1,INT13,INT15,Visium-Visium,0.869369619,0.869126771
1,INT13,INT24,Visium-Visium,0.735846332,0.71599097
1,INT13,MEND154,Visium-Visium,0.356794502,0.321398695
1,INT13,MEND156,Visium-Visium,-0.0547970183,-0.0702597392
1,INT13,MEND157,Visium-Visium,0.0555126882,0.0501708454
1,INT13,MEND158,Visium-Visium,0.306815197,0.280491045
1,INT13,MEND159,Visium-Visium,0.143306255,0.110584212
1,INT13,MEND160,Visium-Visium,0.377962847,0.331861964
1,INT13,MEND161,Visium-Visium,0.343485823,0.29641519
1,INT13,MEND162,Visium-Visium,-0.0462579613,-0.0228671779
1,INT13,NCBI643,Visium-Visium,0.304138779,0.288328669
1,INT13,NCBI684,Visium-Visium,0.337801132,0.322119805
1,INT13,TENX116,cross-technology,0.172782782,0.17491851
1,INT13,TENX117,cross-technology,-0.446644771,-0.435216147
1,INT13,TENX141,cross-technology,-0.0196298359,-0.0240303131
1,INT13,TENX147,cross-technology,-0.19154011,-0.206851566
1,INT13,TENX148,cross-technology,-0.00894145003,-0.0293192541
1,INT13,TENX149,cross-technology,-0.188483693,-0.23469856
1,INT13,TENX99,cross-technology,0.0287289014,0.0345109653
1,INT13,ZEN48,Visium-Visium,-0.330635424,-0.360893178
1,INT13,ZEN49,Visium-Visium,-0.315582475,-0.343483817
1,INT14,INT15,Visium-Visium,0.792584385,0.788392744
1,INT14,INT24,Visium-Visium,0.668344669,0.641226905
1,INT14,MEND154,Visium-Visium,0.257899149,0.233332201
1,INT14,MEND156,Visium-Visium,0.0290540357,0.0158648735
1,INT14,MEND157,Visium-Visium,0.187558918,0.1634343
1,INT14,MEND158,Visium-Visium,0.334009984,0.315003911
1,INT14,MEND159,Visium-Visium,0.0914905179,0.075402022
1,INT14,MEND160,Visium-Visium,0.354547281,0.327053554
1,INT14,MEND161,Visium-Visium,0.220847139,0.190387519
1,INT14,MEND162,Visium-Visium,0.0601917154,0.0657433827
1,INT14,NCBI643,Visium-Visium,0.326151059,0.301521298
1,INT14,NCBI684,Visium-Visium,0.330269565,0.309580548
1,INT14,TENX116,cross-technology,0.108146712,0.106353445
1,INT14,TENX117,cross-technology,-0.341182956,-0.347222449
1,INT14,TENX141,cross-technology,0.056467534,0.0475447079
1,INT14,TENX147,cross-technology,0.00121817941,-0.02685611
1,INT14,TENX148,cross-technology,0.0497713818,0.031627433
1,INT14,TENX149,cross-technology,-0.108337881,-0.147475389
1,INT14,TENX99,cross-technology,0.184804053,0.174826918
1,INT14,ZEN48,Visium-Visium,-0.278123076,-0.29798619
1,INT14,ZEN49,Visium-Visium,-0.29681392,-0.314459493
1,INT15,INT24,Visium-Visium,0.684310846,0.676126024
1,INT15,MEND154,Visium-Visium,0.236403661,0.221641548
1,INT15,MEND156,Visium-Visium,0.209742071,0.17688639
1,INT15,MEND157,Visium-Visium,0.17781244,0.158108438
1,INT15,MEND158,Visium-Visium,0.460873763,0.430377473
1,INT15,MEND159,Visium-Visium,0.282677596,0.24444051
1,INT15,MEND160,Visium-Visium,0.449674799,0.41428071
1,INT15,MEND161,Visium-Visium,0.316684384,0.276883273
1,INT15,MEND162,Visium-Visium,0.0379941065,0.0504109305
1,INT15,NCBI643,Visium-Visium,0.22016185,0.217300757
1,INT15,NCBI684,Visium-Visium,0.485657118,0.461112673
1,INT15,TENX116,cross-technology,0.170740224,0.177201734
1,INT15,TENX117,cross-technology,-0.523701694,-0.516695502
1,INT15,TENX141,cross-technology,-0.199879218,-0.198965782
1,INT15,TENX147,cross-technology,-0.192002978,-0.201385139
1,INT15,TENX148,cross-technology,0.227165832,0.179097582
1,INT15,TENX149,cross-technology,-0.0664789934,-0.113238314
1,INT15,TENX99,cross-technology,0.165740965,0.160867714
1,INT15,ZEN48,Visium-Visium,-0.159966062,-0.196807342
1,INT15,ZEN49,Visium-Visium,-0.156385269,-0.188133697
1,INT24,MEND154,Visium-Visium,0.554367641,0.522104572
1,INT24,MEND156,Visium-Visium,0.0691908544,0.0688188097
1,INT24,MEND157,Visium-Visium,0.19700683,0.201445571
1,INT24,MEND158,Visium-Visium,0.53462582,0.501990917
1,INT24,MEND159,Visium-Visium,0.295988084,0.275197843
1,INT24,MEND160,Visium-Visium,0.504102385,0.458014807
1,INT24,MEND161,Visium-Visium,0.5745659,0.524655089
1,INT24,MEND162,Visium-Visium,-0.13541551,-0.121204895
1,INT24,NCBI643,Visium-Visium,0.434364119,0.41855309
1,INT24,NCBI684,Visium-Visium,0.468129931,0.455686951
1,INT24,TENX116,cross-technology,0.362612373,0.353303738
1,INT24,TENX117,cross-technology,-0.49471617,-0.481673108
1,INT24,TENX141,cross-technology,-0.0105210803,-0.0276439681
1,INT24,TENX147,cross-technology,-0.113102232,-0.119929007
1,INT24,TENX148,cross-technology,0.102775835,0.0811877348
1,INT24,TENX149,cross-technology,-0.120938038,-0.148251395
1,INT24,TENX99,cross-technology,0.267091524,0.248935348
1,INT24,ZEN48,Visium-Visium,-0.191233489,-0.212501901
1,INT24,ZEN49,Visium-Visium,-0.162936394,-0.186904256
1,MEND154,MEND156,Visium-Visium,-0.0205661856,0.0115211062
1,MEND154,MEND157,Visium-Visium,-0.304501767,-0.271386974
1,MEND154,MEND158,Visium-Visium,0.579389806,0.56989913
1,MEND154,MEND159,Visium-Visium,0.662358767,0.663828625
1,MEND154,MEND160,Visium-Visium,0.678774471,0.67235535
1,MEND154,MEND161,Visium-Visium,0.859684992,0.857786821
1,MEND154,MEND162,Visium-Visium,-0.55792403,-0.548679579
1,MEND154,NCBI643,Visium-Visium,0.198818883,0.18255568
1,MEND154,NCBI684,Visium-Visium,0.198258538,0.1909548
1,MEND154,TENX116,cross-technology,0.137380336,0.12644269
1,MEND154,TENX117,cross-technology,-0.390246132,-0.376767069
1,MEND154,TENX141,cross-technology,-0.114039301,-0.124371728
1,MEND154,TENX147,cross-technology,-0.286266581,-0.271317414
1,MEND154,TENX148,cross-technology,0.0228100383,0.031377072
1,MEND154,TENX149,cross-technology,-0.20767434,-0.214667596
1,MEND154,TENX99,cross-technology,-0.0173076225,-0.0356980905
1,MEND154,ZEN48,Visium-Visium,-0.0593772524,-0.0576840317
1,MEND154,ZEN49,Visium-Visium,-0.0572865957,-0.0581371979
1,MEND156,MEND157,Visium-Visium,0.480942954,0.454992823
1,MEND156,MEND158,Visium-Visium,0.561558888,0.553462992
1,MEND156,MEND159,Visium-Visium,0.541496939,0.527650657
1,MEND156,MEND160,Visium-Visium,0.567638653,0.565333712
1,MEND156,MEND161,Visium-Visium,0.181563575,0.189730987
1,MEND156,MEND162,Visium-Visium,-0.0821372355,-0.0735414074
1,MEND156,NCBI643,Visium-Visium,0.168057699,0.155490098
1,MEND156,NCBI684,Visium-Visium,0.282901114,0.267446695
1,MEND156,TENX116,cross-technology,0.189195762,0.179496768
1,MEND156,TENX117,cross-technology,-0.420350828,-0.407659924
1,MEND156,TENX141,cross-technology,-0.35971244,-0.333602028
1,MEND156,TENX147,cross-technology,0.241735902,0.229936257
1,MEND156,TENX148,cross-technology,0.643126308,0.600900636
1,MEND156,TENX149,cross-technology,0.562055377,0.522794582
1,MEND156,TENX99,cross-technology,0.150587413,0.150345286
1,MEND156,ZEN48,Visium-Visium,0.659428356,0.627298922
1,MEND156,ZEN49,Visium-Visium,0.610362742,0.578400224
1,MEND157,MEND158,Visium-Visium,0.187248618,0.182788551
1,MEND157,MEND159,Visium-Visium,-0.0578737168,-0.0509581374
1,MEND157,MEND160,Visium-Visium,-0.00299520414,0.00601801296
1,MEND157,MEND161,Visium-Visium,-0.304317923,-0.290586606
1,MEND157,MEND162,Visium-Visium,0.3347951,0.315191751
1,MEND157,NCBI643,Visium-Visium,0.165327521,0.157547413
1,MEND157,NCBI684,Visium-Visium,0.399668899,0.37031706
1,MEND157,TENX116,cross-technology,0.433842083,0.41425472
1,MEND157,TENX117,cross-technology,0.0650071496,0.0396675107
1,MEND157,TENX141,cross-technology,0.272842343,0.282822798
1,MEND157,TENX147,cross-technology,0.680754541,0.660287422
1,MEND157,TENX148,cross-technology,0.512196282,0.484098506
1,MEND157,TENX149,cross-technology,0.568557301,0.550100525
1,MEND157,TENX99,cross-technology,0.474798725,0.449019138
1,MEND157,ZEN48,Visium-Visium,0.213906243,0.198260797
1,MEND157,ZEN49,Visium-Visium,0.176022794,0.157603391
1,MEND158,MEND159,Visium-Visium,0.670655685,0.658339228
1,MEND158,MEND160,Visium-Visium,0.906733665,0.897579707
1,MEND158,MEND161,Visium-Visium,0.761733538,0.737910255
1,MEND158,MEND162,Visium-Visium,-0.368728862,-0.357791416
1,MEND158,NCBI643,Visium-Visium,0.30382772,0.28821779
1,MEND158,NCBI684,Visium-Visium,0.601554368,0.574753965
1,MEND158,TENX116,cross-technology,0.34625509,0.340054414
1,MEND158,TENX117,cross-technology,-0.639355687,-0.617476082
1,MEND158,TENX141,cross-technology,-0.352639924,-0.347154208
1,MEND158,TENX147,cross-technology,-0.138212936,-0.129700449
1,MEND158,TENX148,cross-technology,0.445457036,0.414128051
1,MEND158,TENX149,cross-technology,0.0976827827,0.0735424276
1,MEND158,TENX99,cross-technology,0.356920802,0.329732778
1,MEND158,ZEN48,Visium-Visium,0.330333963,0.301827099
1,MEND158,ZEN49,Visium-Visium,0.339069709,0.31006564
1,MEND159,MEND160,Visium-Visium,0.787736708,0.782877593
1,MEND159,MEND161,Visium-Visium,0.631546652,0.625174721
1,MEND159,MEND162,Visium-Visium,-0.477646669,-0.480755377
1,MEND159,NCBI643,Visium-Visium,-0.0424413486,-0.0458629894
1,MEND159,NCBI684,Visium-Visium,0.23867338,0.222058848
1,MEND159,TENX116,cross-technology,-0.00549462074,-0.0048757386
1,MEND159,TENX117,cross-technology,-0.433182886,-0.403152953
1,MEND159,TENX141,cross-technology,-0.223435448,-0.220452145
1,MEND159,TENX147,cross-technology,-0.125885052,-0.109355229
1,MEND159,TENX148,cross-technology,0.460626329,0.437495846
1,MEND159,TENX149,cross-technology,0.159718066,0.133208586
1,MEND159,TENX99,cross-technology,-0.0938088897,-0.105800927
1,MEND159,ZEN48,Visium-Visium,0.344484735,0.321755495
1,MEND159,ZEN49,Visium-Visium,0.273864827,0.255808662
1,MEND160,MEND161,Visium-Visium,0.82280617,0.800884474
1,MEND160,MEND162,Visium-Visium,-0.450676056,-0.439466685
1,MEND160,NCBI643,Visium-Visium,0.268784749,0.253027682
1,MEND160,NCBI684,Visium-Visium,0.38714539,0.357787177
1,MEND160,TENX116,cross-technology,0.201970814,0.194608242
1,MEND160,TENX117,cross-technology,-0.657105107,-0.62757275
1,MEND160,TENX141,cross-technology,-0.39937007,-0.39384095
1,MEND160,TENX147,cross-technology,-0.240160898,-0.217166506
1,MEND160,TENX148,cross-technology,0.317495803,0.295008415
1,MEND160,TENX149,cross-technology,0.0339462288,0.0189718302
1,MEND160,TENX99,cross-technology,0.0985070963,0.0812617255
1,MEND160,ZEN48,Visium-Visium,0.313250197,0.293054287
1,MEND160,ZEN49,Visium-Visium,0.310778712,0.288794286
1,MEND161,MEND162,Visium-Visium,-0.537648748,-0.522018248
1,MEND161,NCBI643,Visium-Visium,0.355947472,0.337012903
1,MEND161,NCBI684,Visium-Visium,0.340155025,0.309055045
1,MEND161,TENX116,cross-technology,0.248723534,0.229088678
1,MEND161,TENX117,cross-technology,-0.615404737,-0.567221596
1,MEND161,TENX141,cross-technology,-0.323200255,-0.330130867
1,MEND161,TENX147,cross-technology,-0.438066742,-0.415620162
1,MEND161,TENX148,cross-technology,0.0859329444,0.0701761144
1,MEND161,TENX149,cross-technology,-0.206375692,-0.217473513
1,MEND161,TENX99,cross-technology,0.0937386941,0.0701094448
1,MEND161,ZEN48,Visium-Visium,0.141111958,0.123276476
1,MEND161,ZEN49,Visium-Visium,0.184094139,0.162985846
1,MEND162,NCBI643,Visium-Visium,0.0505850161,0.0433618437
1,MEND162,NCBI684,Visium-Visium,-0.000458979978,-0.00384237186
1,MEND162,TENX116,cross-technology,-0.159626492,-0.15377601
1,MEND162,TENX117,cross-technology,0.419858661,0.378277946
1,MEND162,TENX141,cross-technology,0.213519825,0.186656195
1,MEND162,TENX147,cross-technology,0.103020588,0.0746441395
1,MEND162,TENX148,cross-technology,-0.324444908,-0.31595644
1,MEND162,TENX149,cross-technology,-0.158920812,-0.152833803
1,MEND162,TENX99,cross-technology,0.300376845,0.291542742
1,MEND162,ZEN48,Visium-Visium,-0.365947508,-0.354735541
1,MEND162,ZEN49,Visium-Visium,-0.377801006,-0.361189801
1,NCBI643,NCBI684,Visium-Visium,0.455141543,0.446028247
1,NCBI643,TENX116,cross-technology,0.558460314,0.543451796
1,NCBI643,TENX117,cross-technology,-0.422264327,-0.407338895
1,NCBI643,TENX141,cross-technology,-0.0351590033,-0.0449790886
1,NCBI643,TENX147,cross-technology,0.0617502698,0.0465541526
1,NCBI643,TENX148,cross-technology,-0.0273404864,-0.0452348204
1,NCBI643,TENX149,cross-technology,0.122126699,0.102288578
1,NCBI643,TENX99,cross-technology,0.455004816,0.436176554
1,NCBI643,ZEN48,Visium-Visium,0.0900932895,0.0764768471
1,NCBI643,ZEN49,Visium-Visium,0.145429926,0.129839947
1,NCBI684,TENX116,cross-technology,0.643907828,0.626650223
1,NCBI684,TENX117,cross-technology,-0.281431976,-0.262800959
1,NCBI684,TENX141,cross-technology,-0.0102412389,-0.0161114574
1,NCBI684,TENX147,cross-technology,0.122254287,0.108371345
1,NCBI684,TENX148,cross-technology,0.426864414,0.39351709
1,NCBI684,TENX149,cross-technology,0.289676031,0.2543394
1,NCBI684,TENX99,cross-technology,0.725914203,0.707507214
1,NCBI684,ZEN48,Visium-Visium,0.12905828,0.104567266
1,NCBI684,ZEN49,Visium-Visium,0.166167149,0.142547032
1,TENX116,TENX117,Xenium-Xenium,-0.277815675,-0.274174619
1,TENX116,TENX141,Xenium-Xenium,0.169787254,0.160227223
1,TENX116,TENX147,Xenium-Xenium,0.283693735,0.265382708
1,TENX116,TENX148,Xenium-Xenium,0.324875989,0.308183364
1,TENX116,TENX149,Xenium-Xenium,0.429741889,0.406394129
1,TENX116,TENX99,Xenium-Xenium,0.6172167,0.592708985
1,TENX116,ZEN48,cross-technology,0.234801555,0.224016944
1,TENX116,ZEN49,cross-technology,0.309656718,0.291351249
1,TENX117,TENX141,Xenium-Xenium,0.488927746,0.467376866
1,TENX117,TENX147,Xenium-Xenium,0.341227254,0.312785957
1,TENX117,TENX148,Xenium-Xenium,-0.302272997,-0.266205791
1,TENX117,TENX149,Xenium-Xenium,-0.0564073803,-0.0311439315
1,TENX117,TENX99,Xenium-Xenium,0.00832605498,0.00415815314
1,TENX117,ZEN48,cross-technology,-0.3496144,-0.302697025
1,TENX117,ZEN49,cross-technology,-0.372805793,-0.324244764
1,TENX141,TENX147,Xenium-Xenium,0.539451082,0.54629637
1,TENX141,TENX148,Xenium-Xenium,0.0180213088,0.0595835893
1,TENX141,TENX149,Xenium-Xenium,0.164357851,0.194904916
1,TENX141,TENX99,Xenium-Xenium,0.207089365,0.182373111
1,TENX141,ZEN48,cross-technology,-0.205181572,-0.178702126
1,TENX141,ZEN49,cross-technology,-0.243317006,-0.22222064
1,TENX147,TENX148,Xenium-Xenium,0.522893861,0.525924359
1,TENX147,TENX149,Xenium-Xenium,0.778143911,0.780968828
1,TENX147,TENX99,Xenium-Xenium,0.266662298,0.233321469
1,TENX147,ZEN48,cross-technology,0.344833647,0.340933049
1,TENX147,ZEN49,cross-technology,0.271118212,0.265375141
1,TENX148,TENX149,Xenium-Xenium,0.759794743,0.731279693
1,TENX148,TENX99,Xenium-Xenium,0.189828864,0.167802193
1,TENX148,ZEN48,cross-technology,0.686897594,0.64334274
1,TENX148,ZEN49,cross-technology,0.616156336,0.566731415
1,TENX149,TENX99,Xenium-Xenium,0.172896554,0.156410716
1,TENX149,ZEN48,cross-technology,0.738585768,0.717540642
1,TENX149,ZEN49,cross-technology,0.690705564,0.667006044
1,TENX99,ZEN48,cross-technology,-0.0144219467,-0.0263880603
1,TENX99,ZEN49,cross-technology,0.0269059562,0.0169820288
1,ZEN48,ZEN49,Visium-Visium,0.976791867,0.975028215
2,INT13,INT14,Visium-Visium,0.907659198,0.896101622
2,INT13,INT15,Visium-Visium,0.844407262,0.839554542
2,INT13,INT24,Visium-Visium,-0.182112489,-0.174034725
2,INT13,MEND154,Visium-Visium,0.17414059,0.145815859
2,INT13,MEND156,Visium-Visium,-0.1081395,-0.132787592
2,INT13,MEND157,Visium-Visium,0.128167678,0.0951565329
2,INT13,MEND158,Visium-Visium,0.390153515,0.342475481
2,INT13,MEND159,Visium-Visium,0.221306798,0.181329673
2,INT13,MEND160,Visium-Visium,0.347126622,0.29762229
2,INT13,MEND161,Visium-Visium,0.260043579,0.221693452
2,INT13,MEND162,Visium-Visium,-0.219405256,-0.174674377
2,INT13,NCBI643,Visium-Visium,0.530679999,0.523038075
2,INT13,NCBI684,Visium-Visium,0.254689929,0.253377238
2,INT13,TENX116,cross-technology,-0.123741317,-0.121686467
2,INT13,TENX117,cross-technology,0.327505774,0.334208009
2,INT13,TENX141,cross-technology,-0.313428155,-0.30280476
2,INT13,TENX147,cross-technology,-0.0577095056,-0.0539852527
2,INT13,TENX148,cross-technology,0.306582919,0.321544613
2,INT13,TENX149,cross-technology,0.190941986,0.154189674
2,INT13,TENX99,cross-technology,0.0134412101,0.0317162419
2,INT13,ZEN48,Visium-Visium,0.0878178671,0.0619311798
2,INT13,ZEN49,Visium-Visium,0.265515729,0.240130118
2,INT14,INT15,Visium-Visium,0.779307029,0.778720117
2,INT14,INT24,Visium-Visium,-0.140803449,-0.114913333
2,INT14,MEND154,Visium-Visium,0.146884036,0.141681112
2,INT14,MEND156,Visium-Visium,0.0715735007,0.0618411454
2,INT14,MEND157,Visium-Visium,0.167739348,0.151736648
2,INT14,MEND158,Visium-Visium,0.439020927,0.411208045
2,INT14,MEND159,Visium-Visium,0.2630278,0.237055216
2,INT14,MEND160,Visium-Visium,0.413777351,0.383426504
2,INT14,MEND161,Visium-Visium,0.305817811,0.289508511
2,INT14,MEND162,Visium-Visium,-0.180400986,-0.156120224
2,INT14,NCBI643,Visium-Visium,0.621951354,0.626959514
2,INT14,NCBI684,Visium-Visium,0.272105374,0.270101865
2,INT14,TENX116,cross-technology,-0.181490938,-0.184681167
2,INT14,TENX117,cross-technology,0.43332247,0.435662648
2,INT14,TENX141,cross-technology,-0.341346719,-0.348309615
2,INT14,TENX147,cross-technology,-0.0198787616,-0.03467211
2,INT14,TENX148,cross-technology,0.274499635,0.290651129
2,INT14,TENX149,cross-technology,0.155765406,0.117977725
2,INT14,TENX99,cross-technology,0.162524526,0.176888523
2,INT14,ZEN48,Visium-Visium,0.188047083,0.169520981
2,INT14,ZEN49,Visium-Visium,0.312199693,0.296790465
2,INT15,INT24,Visium-Visium,-0.0176475426,-0.0445979752
2,INT15,MEND154,Visium-Visium,0.0748787298,0.0615406976
2,INT15,MEND156,Visium-Visium,0.168669459,0.143943071
2,INT15,MEND157,Visium-Visium,0.0581097365,0.0407370583
2,INT15,MEND158,Visium-Visium,0.491027918,0.44403483
2,INT15,MEND159,Visium-Visium,0.379569251,0.335469881
2,INT15,MEND160,Visium-Visium,0.413633147,0.369437481
2,INT15,MEND161,Visium-Visium,0.332199455,0.297823629
2,INT15,MEND162,Visium-Visium,-0.205958508,-0.168060575
2,INT15,NCBI643,Visium-Visium,0.527273985,0.520991004
2,INT15,NCBI684,Visium-Visium,0.329365603,0.308599498
2,INT15,TENX116,cross-technology,-0.1707916,-0.168619684
2,INT15,TENX117,cross-technology,0.494970515,0.48998952
2,INT15,TENX141,cross-technology,-0.592415415,-0.568525968
2,INT15,TENX147,cross-technology,-0.0319610024,-0.027903479
2,INT15,TENX148,cross-technology,0.507287858,0.494797666
2,INT15,TENX149,cross-technology,0.389502079,0.340481129
2,INT15,TENX99,cross-technology,0.220313924,0.217996192
2,INT15,ZEN48,Visium-Visium,0.2368325,0.199258364
2,INT15,ZEN49,Visium-Visium,0.406086039,0.365845258
2,INT24,MEND154,Visium-Visium,0.0207734473,0.0273841357
2,INT24,MEND156,Visium-Visium,0.258697729,0.239996832
2,INT24,MEND157,Visium-Visium,-0.0175957701,-0.0103391983
2,INT24,MEND158,Visium-Visium,0.220450831,0.196300864
2,INT24,MEND159,Visium-Visium,0.108735444,0.0917675507
2,INT24,MEND160,Visium-Visium,0.136040835,0.116485818
2,INT24,MEND161,Visium-Visium,0.101622213,0.0793012293
2,INT24,MEND162,Visium-Visium,-0.146712613,-0.146401727
2,INT24,NCBI643,Visium-Visium,-0.0250861723,-0.0260875762
2,INT24,NCBI684,Visium-Visium,-0.161844675,-0.162145892
2,INT24,TENX116,cross-technology,-0.0862115336,-0.0684432371
2,INT24,TENX117,cross-technology,0.139184091,0.112685522
2,INT24,TENX141,cross-technology,-0.293829476,-0.253944903
2,INT24,TENX147,cross-technology,0.0180957661,0.0193585238
2,INT24,TENX148,cross-technology,0.11192736,0.0984850675
2,INT24,TENX149,cross-technology,0.109186603,0.082308827
2,INT24,TENX99,cross-technology,-0.114060021,-0.125718463
2,INT24,ZEN48,Visium-Visium,0.353978375,0.340354188
2,INT24,ZEN49,Visium-Visium,0.281647939,0.269659848
2,MEND154,MEND156,Visium-Visium,0.290466094,0.299788027
2,MEND154,MEND157,Visium-Visium,0.943109725,0.94410679
2,MEND154,MEND158,Visium-Visium,0.717193968,0.715768295
2,MEND154,MEND159,Visium-Visium,0.647359989,0.647346185
2,MEND154,MEND160,Visium-Visium,0.780763101,0.782844334
2,MEND154,MEND161,Visium-Visium,0.827537533,0.827734317
2,MEND154,MEND162,Visium-Visium,-0.67928623,-0.657646217
2,MEND154,NCBI643,Visium-Visium,0.236653814,0.231475846
2,MEND154,NCBI684,Visium-Visium,-0.0912885982,-0.0866251963
2,MEND154,TENX116,cross-technology,-0.420437874,-0.449445342
2,MEND154,TENX117,cross-technology,-0.366058862,-0.329506656
2,MEND154,TENX141,cross-technology,-0.270588831,-0.276765923
2,MEND154,TENX147,cross-technology,-0.473414626,-0.462155081
2,MEND154,TENX148,cross-technology,0.126323722,0.129213497
2,MEND154,TENX149,cross-technology,-0.239033534,-0.239774949
2,MEND154,TENX99,cross-technology,-0.05094892,-0.0442699128
2,MEND154,ZEN48,Visium-Visium,0.296406816,0.300111943
2,MEND154,ZEN49,Visium-Visium,0.376095347,0.375213767
2,MEND156,MEND157,Visium-Visium,0.418075429,0.421397764
2,MEND156,MEND158,Visium-Visium,0.539736603,0.530373028
2,MEND156,MEND159,Visium-Visium,0.674276964,0.656467762
2,MEND156,MEND160,Visium-Visium,0.577861959,0.568411445
2,MEND156,MEND161,Visium-Visium,0.582498391,0.573667728
2,MEND156,MEND162,Visium-Visium,-0.277048012,-0.273244842
2,MEND156,NCBI643,Visium-Visium,0.300025725,0.280733773
2,MEND156,NCBI684,Visium-Visium,-0.132285973,-0.1248055
2,MEND156,TENX116,cross-technology,-0.423913595,-0.41828057
2,MEND156,TENX117,cross-technology,0.195980588,0.175230285
2,MEND156,TENX141,cross-technology,-0.502803648,-0.481325513
2,MEND156,TENX147,cross-technology,-0.217290863,-0.215366323
2,MEND156,TENX148,cross-technology,0.112925376,0.106405289
2,MEND156,TENX149,cross-technology,-0.025888739,-0.0188112029
2,MEND156,TENX99,cross-technology,0.174838309,0.146945007
2,MEND156,ZEN48,Visium-Visium,0.412425575,0.412029115
2,MEND156,ZEN49,Visium-Visium,0.287139334,0.284492378
2,MEND157,MEND158,Visium-Visium,0.738828754,0.731853312
2,MEND157,MEND159,Visium-Visium,0.677179503,0.67468945
2,MEND157,MEND160,Visium-Visium,0.827307264,0.822136682
2,MEND157,MEND161,Visium-Visium,0.860433523,0.857151326
2,MEND157,MEND162,Visium-Visium,-0.623768228,-0.606349158
2,MEND157,NCBI643,Visium-Visium,0.321046039,0.307791891
2,MEND157,NCBI684,Visium-Visium,0.0249508832,0.0126709669
2,MEND157,TENX116,cross-technology,-0.546739775,-0.559316283
2,MEND157,TENX117,cross-technology,-0.214368619,-0.196120759
2,MEND157,TENX141,cross-technology,-0.351526211,-0.347575846
2,MEND157,TENX147,cross-technology,-0.469936465,-0.457850871
2,MEND157,TENX148,cross-technology,0.129783701,0.123397448
2,MEND157,TENX149,cross-technology,-0.227656098,-0.223650834
2,MEND157,TENX99,cross-technology,0.0750478129,0.0711123352
2,MEND157,ZEN48,Visium-Visium,0.303365652,0.306384809
2,MEND157,ZEN49,Visium-Visium,0.349410276,0.347798994
2,MEND158,MEND159,Visium-Visium,0.828909001,0.825959381
2,MEND158,MEND160,Visium-Visium,0.937263084,0.929889437
2,MEND158,MEND161,Visium-Visium,0.823301303,0.80499736
2,MEND158,MEND162,Visium-Visium,-0.636581502,-0.616511139
2,MEND158,NCBI643,Visium-Visium,0.380524239,0.355906072
2,MEND158,NCBI684,Visium-Visium,0.218858517,0.191444982
2,MEND158,TENX116,cross-technology,-0.533594013,-0.527262081
2,MEND158,TENX117,cross-technology,0.103818492,0.0899943607
2,MEND158,TENX141,cross-technology,-0.634248792,-0.604391127
2,MEND158,TENX147,cross-technology,-0.276796261,-0.264774516
2,MEND158,TENX148,cross-technology,0.451828202,0.426240573
2,MEND158,TENX149,cross-technology,0.186288704,0.16332486
2,MEND158,TENX99,cross-technology,0.193652092,0.188690178
2,MEND158,ZEN48,Visium-Visium,0.53621069,0.536140995
2,MEND158,ZEN49,Visium-Visium,0.638362411,0.627331436
2,MEND159,MEND160,Visium-Visium,0.844172297,0.843286824
2,MEND159,MEND161,Visium-Visium,0.717617993,0.704722202
2,MEND159,MEND162,Visium-Visium,-0.60691027,-0.593776136
2,MEND159,NCBI643,Visium-Visium,0.280865674,0.259098411
2,MEND159,NCBI684,Visium-Visium,-0.0123741279,-0.0289418951
2,MEND159,TENX116,cross-technology,-0.506625452,-0.494974713
2,MEND159,TENX117,cross-technology,0.0245963294,0.0139388303
2,MEND159,TENX141,cross-technology,-0.509433069,-0.480279527
2,MEND159,TENX147,cross-technology,-0.299442837,-0.295927476
2,MEND159,TENX148,cross-technology,0.387741597,0.362020537
2,MEND159,TENX149,cross-technology,0.181998221,0.169255923
2,MEND159,TENX99,cross-technology,0.216294532,0.189800147
2,MEND159,ZEN48,Visium-Visium,0.470672998,0.479346286
2,MEND159,ZEN49,Visium-Visium,0.503242737,0.500075325
2,MEND160,MEND161,Visium-Visium,0.900882912,0.889600718
2,MEND160,MEND162,Visium-Visium,-0.581339605,-0.56044839
2,MEND160,NCBI643,Visium-Visium,0.444863196,0.416109512
2,MEND160,NCBI684,Visium-Visium,0.100104843,0.0723007709
2,MEND160,TENX116,cross-technology,-0.55979989,-0.556183509
2,MEND160,TENX117,cross-technology,0.106859215,0.0945086456
2,MEND160,TENX141,cross-technology,-0.607153464,-0.582604629
2,MEND160,TENX147,cross-technology,-0.488900322,-0.472930621
2,MEND160,TENX148,cross-technology,0.362529657,0.341134724
2,MEND160,TENX149,cross-technology,-0.0541547319,-0.0652765834
2,MEND160,TENX99,cross-technology,0.197235827,0.192894193
2,MEND160,ZEN48,Visium-Visium,0.404657337,0.408837195
2,MEND160,ZEN49,Visium-Visium,0.488915091,0.482446836
2,MEND161,MEND162,Visium-Visium,-0.590616016,-0.562019979
2,MEND161,NCBI643,Visium-Visium,0.528053562,0.496872201
2,MEND161,NCBI684,Visium-Visium,0.106429441,0.0911453734
2,MEND161,TENX116,cross-technology,-0.564337147,-0.562288697
2,MEND161,TENX117,cross-technology,0.00447877947,0.000345747977
2,MEND161,TENX141,cross-technology,-0.572805692,-0.551483316
2,MEND161,TENX147,cross-technology,-0.575125499,-0.561882777
2,MEND161,TENX148,cross-technology,0.277248969,0.259059035
2,MEND161,TENX149,cross-technology,-0.211007508,-0.216746468
2,MEND161,TENX99,cross-technology,0.13129093,0.12925721
2,MEND161,ZEN48,Visium-Visium,0.337125073,0.321475937
2,MEND161,ZEN49,Visium-Visium,0.411706021,0.393420151
2,MEND162,NCBI643,Visium-Visium,-0.129863665,-0.117345235
2,MEND162,NCBI684,Visium-Visium,0.0181162399,0.0120847757
2,MEND162,TENX116,cross-technology,0.337568958,0.329087839
2,MEND162,TENX117,cross-technology,0.403991025,0.390611105
2,MEND162,TENX141,cross-technology,0.250189402,0.222227909
2,MEND162,TENX147,cross-technology,0.264984725,0.243044271
2,MEND162,TENX148,cross-technology,-0.0794931288,-0.0727453709
2,MEND162,TENX149,cross-technology,-0.0114031445,-0.00820244111
2,MEND162,TENX99,cross-technology,0.281817972,0.268968049
2,MEND162,ZEN48,Visium-Visium,-0.379679224,-0.364436985
2,MEND162,ZEN49,Visium-Visium,-0.3729518,-0.348235774
2,NCBI643,NCBI684,Visium-Visium,0.27680092,0.279003188
2,NCBI643,TENX116,cross-technology,-0.215079941,-0.206176263
2,NCBI643,TENX117,cross-technology,0.51772214,0.503598265
2,NCBI643,TENX141,cross-technology,-0.483928073,-0.476112972
2,NCBI643,TENX147,cross-technology,-0.279052734,-0.27774205
2,NCBI643,TENX148,cross-technology,0.344414793,0.340261791
2,NCBI643,TENX149,cross-technology,-0.136808747,-0.134504177
2,NCBI643,TENX99,cross-technology,0.415877384,0.411660616
2,NCBI643,ZEN48,Visium-Visium,0.177009365,0.159806985
2,NCBI643,ZEN49,Visium-Visium,0.249418957,0.241923371
2,NCBI684,TENX116,cross-technology,-0.212674568,-0.189063442
2,NCBI684,TENX117,cross-technology,0.331453884,0.309661479
2,NCBI684,TENX141,cross-technology,-0.315792468,-0.31078859
2,NCBI684,TENX147,cross-technology,0.209367892,0.196937484
2,NCBI684,TENX148,cross-technology,0.537827869,0.495937805
2,NCBI684,TENX149,cross-technology,0.502896166,0.454831245
2,NCBI684,TENX99,cross-technology,0.498253137,0.475228133
2,NCBI684,ZEN48,Visium-Visium,0.114897104,0.0735251905
2,NCBI684,ZEN49,Visium-Visium,0.250647223,0.195616703
2,TENX116,TENX117,Xenium-Xenium,-0.174304584,-0.156965103
2,TENX116,TENX141,Xenium-Xenium,0.478146884,0.466462839
2,TENX116,TENX147,Xenium-Xenium,0.32241666,0.324785991
2,TENX116,TENX148,Xenium-Xenium,-0.184661759,-0.19866237
2,TENX116,TENX149,Xenium-Xenium,-0.0322884644,-0.0208644546
2,TENX116,TENX99,Xenium-Xenium,-0.0905579312,-0.0743193234
2,TENX116,ZEN48,cross-technology,-0.0593633854,-0.0539531195
2,TENX116,ZEN49,cross-technology,-0.0886060272,-0.0858562716
2,TENX117,TENX141,Xenium-Xenium,-0.515641252,-0.502968588
2,TENX117,TENX147,Xenium-Xenium,0.0168385969,0.0105261132
2,TENX117,TENX148,Xenium-Xenium,0.422809662,0.413473283
2,TENX117,TENX149,Xenium-Xenium,0.256014511,0.242858906
2,TENX117,TENX99,Xenium-Xenium,0.571892924,0.564433258
2,TENX117,ZEN48,cross-technology,0.0400099441,0.0327068719
2,TENX117,ZEN49,cross-technology,0.0944333865,0.0895691441
2,TENX141,TENX147,Xenium-Xenium,0.359305354,0.35715183
2,TENX141,TENX148,Xenium-Xenium,-0.604714241,-0.608829184
2,TENX141,TENX149,Xenium-Xenium,-0.239167078,-0.222593127
2,TENX141,TENX99,Xenium-Xenium,-0.399923131,-0.403134953
2,TENX141,ZEN48,cross-technology,-0.378323737,-0.367689466
2,TENX141,ZEN49,cross-technology,-0.45424256,-0.442667584
2,TENX147,TENX148,Xenium-Xenium,-0.0779996618,-0.0912867304
2,TENX147,TENX149,Xenium-Xenium,0.541674398,0.525985834
2,TENX147,TENX99,Xenium-Xenium,0.07240165,0.0591870169
2,TENX147,ZEN48,cross-technology,0.185928469,0.13236075
2,TENX147,ZEN49,cross-technology,0.128288244,0.0755871059
2,TENX148,TENX149,Xenium-Xenium,0.543618444,0.500050999
2,TENX148,TENX99,Xenium-Xenium,0.534174091,0.502631104
2,TENX148,ZEN48,cross-technology,0.307412597,0.287580757
2,TENX148,ZEN49,cross-technology,0.523899307,0.495199776
2,TENX149,TENX99,Xenium-Xenium,0.265536036,0.24203523
2,TENX149,ZEN48,cross-technology,0.3936018,0.355189199
2,TENX149,ZEN49,cross-technology,0.497119976,0.440929303
2,TENX99,ZEN48,cross-technology,0.175119699,0.160892426
2,TENX99,ZEN49,cross-technology,0.263067781,0.246240241
2,ZEN48,ZEN49,Visium-Visium,0.93234841,0.921168782
3,INT13,INT14,Visium-Visium,0.808407704,0.800362776
3,INT13,INT15,Visium-Visium,0.31313094,0.305083276
3,INT13,INT24,Visium-Visium,0.446130822,0.411597085
3,INT13,MEND154,Visium-Visium,0.451238215,0.432964418
3,INT13,MEND156,Visium-Visium,0.290705637,0.258280254
3,INT13,MEND157,Visium-Visium,0.375576204,0.351208983
3,INT13,MEND158,Visium-Visium,0.494684587,0.468075757
3,INT13,MEND159,Visium-Visium,0.451898754,0.40909945
3,INT13,MEND160,Visium-Visium,0.355715827,0.331474526
3,INT13,MEND161,Visium-Visium,0.0376742014,0.0375668026
3,INT13,MEND162,Visium-Visium,-0.0699853549,-0.0828971925
3,INT13,NCBI643,Visium-Visium,0.50254647,0.467646294
3,INT13,NCBI684,Visium-Visium,0.417352499,0.390342363
3,INT13,TENX116,cross-technology,0.63148421,0.611429663
3,INT13,TENX117,cross-technology,0.528904467,0.520708757
3,INT13,TENX141,cross-technology,0.44309872,0.432447146
3,INT13,TENX147,cross-technology,0.455709924,0.457808462
3,INT13,TENX148,cross-technology,0.331828104,0.350160984
3,INT13,TENX149,cross-technology,0.406946793,0.396800022
3,INT13,TENX99,cross-technology,0.330277456,0.345940935
3,INT13,ZEN48,Visium-Visium,0.00766010592,0.0473514778
3,INT13,ZEN49,Visium-Visium,-0.0655109969,-0.0123482711
3,INT14,INT15,Visium-Visium,0.478120926,0.461120233
3,INT14,INT24,Visium-Visium,0.617751937,0.571139152
3,INT14,MEND154,Visium-Visium,0.214590838,0.209802734
3,INT14,MEND156,Visium-Visium,0.158419771,0.133555284
3,INT14,MEND157,Visium-Visium,0.170046974,0.160966982
3,INT14,MEND158,Visium-Visium,0.317874221,0.287270838
3,INT14,MEND159,Visium-Visium,0.24149928,0.219143072
3,INT14,MEND160,Visium-Visium,0.327640603,0.297344829
3,INT14,MEND161,Visium-Visium,0.115518975,0.0967371697
3,INT14,MEND162,Visium-Visium,0.111031693,0.0904175245
3,INT14,NCBI643,Visium-Visium,0.546521877,0.51257484
3,INT14,NCBI684,Visium-Visium,0.174264672,0.169846837
3,INT14,TENX116,cross-technology,0.381251684,0.369616757
3,INT14,TENX117,cross-technology,0.298484358,0.307244715
3,INT14,TENX141,cross-technology,0.275128883,0.27428701
3,INT14,TENX147,cross-technology,0.300652291,0.320356856
3,INT14,TENX148,cross-technology,0.216126056,0.242426296
3,INT14,TENX149,cross-technology,0.183290864,0.19420785
3,INT14,TENX99,cross-technology,0.28343015,0.293476437
3,INT14,ZEN48,Visium-Visium,0.0194997083,0.0369005999
3,INT14,ZEN49,Visium-Visium,0.0183683461,0.0386461503
3,INT15,INT24,Visium-Visium,0.57558427,0.549207624
3,INT15,MEND154,Visium-Visium,0.120793309,0.117040205
3,INT15,MEND156,Visium-Visium,0.0480798053,0.0305239409
3,INT15,MEND157,Visium-Visium,0.0121814317,0.0146861539
3,INT15,MEND158,Visium-Visium,0.0427146242,0.0321787011
3,INT15,MEND159,Visium-Visium,0.136305594,0.131341918
3,INT15,MEND160,Visium-Visium,0.208014995,0.197070953
3,INT15,MEND161,Visium-Visium,-0.292674598,-0.294215635
3,INT15,MEND162,Visium-Visium,0.331491911,0.331941269
3,INT15,NCBI643,Visium-Visium,0.388200336,0.372311752
3,INT15,NCBI684,Visium-Visium,0.388031353,0.388871386
3,INT15,TENX116,cross-technology,0.380129326,0.352717928
3,INT15,TENX117,cross-technology,0.260739879,0.241578208
3,INT15,TENX141,cross-technology,0.506797964,0.487870071
3,INT15,TENX147,cross-technology,0.335336905,0.326992063
3,INT15,TENX148,cross-technology,0.401587625,0.396086847
3,INT15,TENX149,cross-technology,0.206697822,0.199288189
3,INT15,TENX99,cross-technology,0.431376042,0.403267971
3,INT15,ZEN48,Visium-Visium,-0.0258923287,-0.0191233304
3,INT15,ZEN49,Visium-Visium,-0.0231795933,-0.0229633658
3,INT24,MEND154,Visium-Visium,0.38745071,0.368666506
3,INT24,MEND156,Visium-Visium,0.248044507,0.226711533
3,INT24,MEND157,Visium-Visium,0.225970561,0.209513622
3,INT24,MEND158,Visium-Visium,0.153307143,0.135632782
3,INT24,MEND159,Visium-Visium,0.307082655,0.299873696
3,INT24,MEND160,Visium-Visium,0.284197769,0.258977825
3,INT24,MEND161,Visium-Visium,-0.083121905,-0.0967339079
3,INT24,MEND162,Visium-Visium,0.271032524,0.245044762
3,INT24,NCBI643,Visium-Visium,0.654922173,0.648256806
3,INT24,NCBI684,Visium-Visium,0.352202892,0.357488862
3,INT24,TENX116,cross-technology,0.504048981,0.491062718
3,INT24,TENX117,cross-technology,0.323522954,0.315044583
3,INT24,TENX141,cross-technology,0.259273319,0.265693764
3,INT24,TENX147,cross-technology,0.143450743,0.14509933
3,INT24,TENX148,cross-technology,0.182322082,0.198483376
3,INT24,TENX149,cross-technology,0.0233852679,0.0377705575
3,INT24,TENX99,cross-technology,0.408547859,0.409173665
3,INT24,ZEN48,Visium-Visium,-0.0755459548,-0.0692004115
3,INT24,ZEN49,Visium-Visium,-0.0669295402,-0.0623742266
3,MEND154,MEND156,Visium-Visium,0.614958854,0.586113341
3,MEND154,MEND157,Visium-Visium,0.905189201,0.890014532
3,MEND154,MEND158,Visium-Visium,0.690130791,0.66774559
3,MEND154,MEND159,Visium-Visium,0.687651257,0.690056826
3,MEND154,MEND160,Visium-Visium,0.581735008,0.554626086
3,MEND154,MEND161,Visium-Visium,-0.172220803,-0.180614281
3,MEND154,MEND162,Visium-Visium,-0.107451508,-0.109910376
3,MEND154,NCBI643,Visium-Visium,0.299320528,0.295284717
3,MEND154,NCBI684,Visium-Visium,0.378086328,0.385972116
3,MEND154,TENX116,cross-technology,0.486479348,0.491598607
3,MEND154,TENX117,cross-technology,0.240019258,0.227939518
3,MEND154,TENX141,cross-technology,0.133875823,0.147981116
3,MEND154,TENX147,cross-technology,0.39600569,0.397449071
3,MEND154,TENX148,cross-technology,0.25972655,0.269391924
3,MEND154,TENX149,cross-technology,0.455634138,0.455025099
3,MEND154,TENX99,cross-technology,0.124387965,0.128983935
3,MEND154,ZEN48,Visium-Visium,0.204928242,0.199377715
3,MEND154,ZEN49,Visium-Visium,0.00600310204,0.0027372022
3,MEND156,MEND157,Visium-Visium,0.76057791,0.737949272
3,MEND156,MEND158,Visium-Visium,0.758848559,0.748531319
3,MEND156,MEND159,Visium-Visium,0.676049352,0.660327794
3,MEND156,MEND160,Visium-Visium,0.827337167,0.812300483
3,MEND156,MEND161,Visium-Visium,0.446397057,0.438025053
3,MEND156,MEND162,Visium-Visium,-0.214357102,-0.223899562
3,MEND156,NCBI643,Visium-Visium,0.190354083,0.172295924
3,MEND156,NCBI684,Visium-Visium,0.0655706611,0.0594450877
3,MEND156,TENX116,cross-technology,0.180394942,0.180475208
3,MEND156,TENX117,cross-technology,-0.20906622,-0.205539658
3,MEND156,TENX141,cross-technology,-0.11995332,-0.121521374
3,MEND156,TENX147,cross-technology,0.0878205412,0.0966841903
3,MEND156,TENX148,cross-technology,0.00277237076,0.00992528615
3,MEND156,TENX149,cross-technology,0.197559784,0.191644446
3,MEND156,TENX99,cross-technology,-0.117089267,-0.114681584
3,MEND156,ZEN48,Visium-Visium,0.458646256,0.467107903
3,MEND156,ZEN49,Visium-Visium,0.328958383,0.339847734
3,MEND157,MEND158,Visium-Visium,0.850438151,0.837590045
3,MEND157,MEND159,Visium-Visium,0.729177442,0.728258242
3,MEND157,MEND160,Visium-Visium,0.71801681,0.695501808
3,MEND157,MEND161,Visium-Visium,0.0690354075,0.06315038
3,MEND157,MEND162,Visium-Visium,-0.241644226,-0.231404291
3,MEND157,NCBI643,Visium-Visium,0.211079343,0.207596621
3,MEND157,NCBI684,Visium-Visium,0.208084288,0.216538674
3,MEND157,TENX116,cross-technology,0.282343088,0.290635701
3,MEND157,TENX117,cross-technology,0.0147343835,0.0109686624
3,MEND157,TENX141,cross-technology,0.00891996734,0.0214456173
3,MEND157,TENX147,cross-technology,0.310209979,0.321892719
3,MEND157,TENX148,cross-technology,0.170194031,0.179233471
3,MEND157,TENX149,cross-technology,0.462731017,0.464766845
3,MEND157,TENX99,cross-technology,-0.0258965495,-0.0266877926
3,MEND157,ZEN48,Visium-Visium,0.355802716,0.348787556
3,MEND157,ZEN49,Visium-Visium,0.151743062,0.145743047
3,MEND158,MEND159,Visium-Visium,0.749274013,0.722213456
3,MEND158,MEND160,Visium-Visium,0.808466863,0.787460915
3,MEND158,MEND161,Visium-Visium,0.278408977,0.277430573
3,MEND158,MEND162,Visium-Visium,-0.394626248,-0.393885108
3,MEND158,NCBI643,Visium-Visium,0.132838401,0.114155968
3,MEND158,NCBI684,Visium-Visium,0.0637263385,0.0519724774
3,MEND158,TENX116,cross-technology,0.275707777,0.271322943
3,MEND158,TENX117,cross-technology,-0.0150240546,0.00802260668
3,MEND158,TENX141,cross-technology,0.0114030837,0.0118379523
3,MEND158,TENX147,cross-technology,0.363187257,0.362169755
3,MEND158,TENX148,cross-technology,0.218344093,0.213404347
3,MEND158,TENX149,cross-technology,0.508258081,0.489580485
3,MEND158,TENX99,cross-technology,0.0667822292,0.0525315558
3,MEND158,ZEN48,Visium-Visium,0.55652282,0.563361958
3,MEND158,ZEN49,Visium-Visium,0.391884626,0.40445369
3,MEND159,MEND160,Visium-Visium,0.568294051,0.546858315
3,MEND159,MEND161,Visium-Visium,-0.0677934178,-0.0686157174
3,MEND159,MEND162,Visium-Visium,-0.209355869,-0.193816692
3,MEND159,NCBI643,Visium-Visium,0.328941122,0.308785671
3,MEND159,NCBI684,Visium-Visium,0.515885463,0.493018588
3,MEND159,TENX116,cross-technology,0.558409955,0.543951451
3,MEND159,TENX117,cross-technology,0.0706322352,0.0598774397
3,MEND159,TENX141,cross-technology,0.32388655,0.313326915
3,MEND159,TENX147,cross-technology,0.364303248,0.337813369
3,MEND159,TENX148,cross-technology,0.32991465,0.313690129
3,MEND159,TENX149,cross-technology,0.581376511,0.554558784
3,MEND159,TENX99,cross-technology,0.277541475,0.256784939
3,MEND159,ZEN48,Visium-Visium,0.164297182,0.161307087
3,MEND159,ZEN49,Visium-Visium,-0.0586372929,-0.0477707866
3,MEND160,MEND161,Visium-Visium,0.424957516,0.408357008
3,MEND160,MEND162,Visium-Visium,-0.132688377,-0.134883085
3,MEND160,NCBI643,Visium-Visium,0.119135308,0.10423931
3,MEND160,NCBI684,Visium-Visium,-0.0539722373,-0.0519154502
3,MEND160,TENX116,cross-technology,0.143819854,0.136809978
3,MEND160,TENX117,cross-technology,-0.268076205,-0.24682495
3,MEND160,TENX141,cross-technology,-0.0755483445,-0.0753548477
3,MEND160,TENX147,cross-technology,0.15230797,0.163349904
3,MEND160,TENX148,cross-technology,0.0552677331,0.0606215367
3,MEND160,TENX149,cross-technology,0.16833244,0.16188488
3,MEND160,TENX99,cross-technology,-0.0448411463,-0.0526908052
3,MEND160,ZEN48,Visium-Visium,0.623133506,0.629670033
3,MEND160,ZEN49,Visium-Visium,0.51555066,0.521159461
3,MEND161,MEND162,Visium-Visium,-0.250160393,-0.25445554
3,MEND161,NCBI643,Visium-Visium,-0.0083526836,-0.0127197867
3,MEND161,NCBI684,Visium-Visium,-0.500537669,-0.484020218
3,MEND161,TENX116,cross-technology,-0.400211903,-0.374306841
3,MEND161,TENX117,cross-technology,-0.350264001,-0.330433533
3,MEND161,TENX141,cross-technology,-0.477857037,-0.463241565
3,MEND161,TENX147,cross-technology,-0.252407997,-0.219779794
3,MEND161,TENX148,cross-technology,-0.301151384,-0.290345915
3,MEND161,TENX149,cross-technology,-0.276540075,-0.256681491
3,MEND161,TENX99,cross-technology,-0.306366639,-0.288980232
3,MEND161,ZEN48,Visium-Visium,0.429810372,0.424981676
3,MEND161,ZEN49,Visium-Visium,0.512617766,0.506051621
3,MEND162,NCBI643,Visium-Visium,0.00980893453,0.0207890093
3,MEND162,NCBI684,Visium-Visium,0.289189037,0.27756437
3,MEND162,TENX116,cross-technology,-0.0173658207,-0.0286256223
3,MEND162,TENX117,cross-technology,-0.0865165307,-0.0994642272
3,MEND162,TENX141,cross-technology,0.112226026,0.106216995
3,MEND162,TENX147,cross-technology,0.0388719436,0.0329488057
3,MEND162,TENX148,cross-technology,0.10438959,0.107985156
3,MEND162,TENX149,cross-technology,-0.214030408,-0.207040551
3,MEND162,TENX99,cross-technology,-0.0735547594,-0.0825052038
3,MEND162,ZEN48,Visium-Visium,-0.227111012,-0.235916633
3,MEND162,ZEN49,Visium-Visium,-0.258524328,-0.262930901
3,NCBI643,NCBI684,Visium-Visium,0.450365244,0.441435705
3,NCBI643,TENX116,cross-technology,0.519384128,0.502729064
3,NCBI643,TENX117,cross-technology,0.348543144,0.328903125
3,NCBI643,TENX141,cross-technology,0.376423385,0.372739467
3,NCBI643,TENX147,cross-technology,0.27932884,0.258149405
3,NCBI643,TENX148,cross-technology,0.334368904,0.326415883
3,NCBI643,TENX149,cross-technology,0.25114704,0.23124813
3,NCBI643,TENX99,cross-technology,0.404405789,0.389564175
3,NCBI643,ZEN48,Visium-Visium,-0.225652466,-0.225908905
3,NCBI643,ZEN49,Visium-Visium,-0.176730474,-0.179337091
3,NCBI684,TENX116,cross-technology,0.747255361,0.733441045
3,NCBI684,TENX117,cross-technology,0.407303249,0.380762727
3,NCBI684,TENX141,cross-technology,0.737479156,0.726922255
3,NCBI684,TENX147,cross-technology,0.459000291,0.434739008
3,NCBI684,TENX148,cross-technology,0.597275247,0.586451276
3,NCBI684,TENX149,cross-technology,0.541515344,0.520008438
3,NCBI684,TENX99,cross-technology,0.577932422,0.554243137
3,NCBI684,ZEN48,Visium-Visium,-0.425726091,-0.406195497
3,NCBI684,ZEN49,Visium-Visium,-0.552146214,-0.524792155
3,TENX116,TENX117,Xenium-Xenium,0.610336803,0.576512318
3,TENX116,TENX141,Xenium-Xenium,0.717612847,0.702979277
3,TENX116,TENX147,Xenium-Xenium,0.583454425,0.560200827
3,TENX116,TENX148,Xenium-Xenium,0.617242018,0.609252178
3,TENX116,TENX149,Xenium-Xenium,0.58732539,0.57158901
3,TENX116,TENX99,Xenium-Xenium,0.661364584,0.64356988
3,TENX116,ZEN48,cross-technology,-0.166637319,-0.148560778
3,TENX116,ZEN49,cross-technology,-0.231507715,-0.211264655
3,TENX117,TENX141,Xenium-Xenium,0.556061451,0.534343084
3,TENX117,TENX147,Xenium-Xenium,0.429520583,0.409878985
3,TENX117,TENX148,Xenium-Xenium,0.44370734,0.444907892
3,TENX117,TENX149,Xenium-Xenium,0.376715278,0.371872057
3,TENX117,TENX99,Xenium-Xenium,0.494393366,0.479753578
3,TENX117,ZEN48,cross-technology,-0.248576807,-0.209712566
3,TENX117,ZEN49,cross-technology,-0.231767067,-0.19368824
3,TENX141,TENX147,Xenium-Xenium,0.440015337,0.425338802
3,TENX141,TENX148,Xenium-Xenium,0.645515026,0.64126627
3,TENX141,TENX149,Xenium-Xenium,0.531703409,0.520037806
3,TENX141,TENX99,Xenium-Xenium,0.680973367,0.672385007
3,TENX141,ZEN48,cross-technology,-0.312991606,-0.30541027
3,TENX141,ZEN49,cross-technology,-0.340232872,-0.326603316
3,TENX147,TENX148,Xenium-Xenium,0.862206591,0.84881007
3,TENX147,TENX149,Xenium-Xenium,0.857005915,0.840270394
3,TENX147,TENX99,Xenium-Xenium,0.387068227,0.379612458
3,TENX147,ZEN48,cross-technology,0.298095786,0.290196619
3,TENX147,ZEN49,cross-technology,0.185311046,0.185801635
3,TENX148,TENX149,Xenium-Xenium,0.85812954,0.840921348
3,TENX148,TENX99,Xenium-Xenium,0.55328874,0.539648826
3,TENX148,ZEN48,cross-technology,0.143888887,0.114196721
3,TENX148,ZEN49,cross-technology,0.082985113,0.0587169526
3,TENX149,TENX99,Xenium-Xenium,0.429970769,0.425049201
3,TENX149,ZEN48,cross-technology,0.219244491,0.193228036
3,TENX149,ZEN49,cross-technology,0.0749835057,0.0612495274
3,TENX99,ZEN48,cross-technology,-0.185378936,-0.17294432
3,TENX99,ZEN49,cross-technology,-0.136605397,-0.121097743
3,ZEN48,ZEN49,Visium-Visium,0.942769839,0.937893697
4,INT13,INT14,Visium-Visium,0.772022433,0.761191222
4,INT13,INT15,Visium-Visium,0.704821014,0.697119386
4,INT13,INT24,Visium-Visium,0.653020299,0.633138452
4,INT13,MEND154,Visium-Visium,0.589565901,0.577665639
4,INT13,MEND156,Visium-Visium,0.208506712,0.179526217
4,INT13,MEND157,Visium-Visium,0.552865148,0.536204391
4,INT13,MEND158,Visium-Visium,0.291186944,0.265787428
4,INT13,MEND159,Visium-Visium,0.235065899,0.215640671
4,INT13,MEND160,Visium-Visium,0.517507813,0.486547564
4,INT13,MEND161,Visium-Visium,0.295994528,0.287037663
4,INT13,MEND162,Visium-Visium,0.155447097,0.169024913
4,INT13,NCBI643,Visium-Visium,0.398010798,0.383366531
4,INT13,NCBI684,Visium-Visium,0.253336934,0.264067983
4,INT13,TENX116,cross-technology,-0.187721796,-0.177646634
4,INT13,TENX117,cross-technology,0.183507132,0.187042037
4,INT13,TENX141,cross-technology,0.211959702,0.218757165
4,INT13,TENX147,cross-technology,0.556000516,0.552151036
4,INT13,TENX148,cross-technology,0.454049281,0.438720047
4,INT13,TENX149,cross-technology,0.478062063,0.473091876
4,INT13,TENX99,cross-technology,-0.0220131525,-0.00559178854
4,INT13,ZEN48,Visium-Visium,0.461830846,0.472772147
4,INT13,ZEN49,Visium-Visium,0.471315115,0.480613933
4,INT14,INT15,Visium-Visium,0.736923286,0.731285653
4,INT14,INT24,Visium-Visium,0.581960668,0.566622459
4,INT14,MEND154,Visium-Visium,0.302373189,0.29601699
4,INT14,MEND156,Visium-Visium,0.224845037,0.198415477
4,INT14,MEND157,Visium-Visium,0.387114939,0.372492824
4,INT14,MEND158,Visium-Visium,0.346436122,0.307342151
4,INT14,MEND159,Visium-Visium,0.166408154,0.141443484
4,INT14,MEND160,Visium-Visium,0.43457824,0.399726052
4,INT14,MEND161,Visium-Visium,0.368608765,0.359502087
4,INT14,MEND162,Visium-Visium,0.192839297,0.199338244
4,INT14,NCBI643,Visium-Visium,0.477940916,0.472792678
4,INT14,NCBI684,Visium-Visium,0.268362661,0.27019412
4,INT14,TENX116,cross-technology,-0.169679189,-0.165793326
4,INT14,TENX117,cross-technology,0.148463385,0.14032923
4,INT14,TENX141,cross-technology,0.391514727,0.385517846
4,INT14,TENX147,cross-technology,0.445525502,0.433721529
4,INT14,TENX148,cross-technology,0.270334696,0.254166894
4,INT14,TENX149,cross-technology,0.426531838,0.4102876
4,INT14,TENX99,cross-technology,-0.0375401753,-0.024525456
4,INT14,ZEN48,Visium-Visium,0.359512544,0.375743328
4,INT14,ZEN49,Visium-Visium,0.392047441,0.406667358
4,INT15,INT24,Visium-Visium,0.781456412,0.776171025
4,INT15,MEND154,Visium-Visium,0.512650738,0.504398975
4,INT15,MEND156,Visium-Visium,0.341689357,0.311120089
4,INT15,MEND157,Visium-Visium,0.510570526,0.496458279
4,INT15,MEND158,Visium-Visium,0.50388273,0.478905802
4,INT15,MEND159,Visium-Visium,0.354287659,0.325517414
4,INT15,MEND160,Visium-Visium,0.623951148,0.598002945
4,INT15,MEND161,Visium-Visium,0.162072708,0.155160142
4,INT15,MEND162,Visium-Visium,0.0314140941,0.0637339491
4,INT15,NCBI643,Visium-Visium,0.425878095,0.412527534
4,INT15,NCBI684,Visium-Visium,-0.0740317527,-0.0372508399
4,INT15,TENX116,cross-technology,-0.388214638,-0.382545625
4,INT15,TENX117,cross-technology,-0.18608908,-0.171448982
4,INT15,TENX141,cross-technology,0.6248439,0.61910224
4,INT15,TENX147,cross-technology,0.63840377,0.628978656
4,INT15,TENX148,cross-technology,0.549344585,0.527742387
4,INT15,TENX149,cross-technology,0.587774347,0.579282023
4,INT15,TENX99,cross-technology,-0.352957618,-0.330973821
4,INT15,ZEN48,Visium-Visium,0.157784712,0.191118263
4,INT15,ZEN49,Visium-Visium,0.156662032,0.187541368
4,INT24,MEND154,Visium-Visium,0.640729108,0.621817012
4,INT24,MEND156,Visium-Visium,0.511613308,0.478221035
4,INT24,MEND157,Visium-Visium,0.61369623,0.591200516
4,INT24,MEND158,Visium-Visium,0.697415873,0.673018541
4,INT24,MEND159,Visium-Visium,0.632163269,0.603501266
4,INT24,MEND160,Visium-Visium,0.766337359,0.7382369
4,INT24,MEND161,Visium-Visium,0.232669899,0.216027694
4,INT24,MEND162,Visium-Visium,-0.211645253,-0.182534854
4,INT24,NCBI643,Visium-Visium,0.38964999,0.380047099
4,INT24,NCBI684,Visium-Visium,-0.262266029,-0.239736051
4,INT24,TENX116,cross-technology,-0.699572967,-0.68888984
4,INT24,TENX117,cross-technology,-0.258134428,-0.239893405
4,INT24,TENX141,cross-technology,0.491962965,0.504793025
4,INT24,TENX147,cross-technology,0.483853488,0.485435068
4,INT24,TENX148,cross-technology,0.481818289,0.462259027
4,INT24,TENX149,cross-technology,0.522061158,0.526544646
4,INT24,TENX99,cross-technology,-0.478175497,-0.462584384
4,INT24,ZEN48,Visium-Visium,0.0665128087,0.092101666
4,INT24,ZEN49,Visium-Visium,0.0720833138,0.0975214725
4,MEND154,MEND156,Visium-Visium,0.620934649,0.595801399
4,MEND154,MEND157,Visium-Visium,0.909488062,0.89936671
4,MEND154,MEND158,Visium-Visium,0.669344949,0.652810265
4,MEND154,MEND159,Visium-Visium,0.698043673,0.6706543
4,MEND154,MEND160,Visium-Visium,0.85194037,0.839783103
4,MEND154,MEND161,Visium-Visium,0.343364695,0.336513836
4,MEND154,MEND162,Visium-Visium,-0.0211464534,0.00544862853
4,MEND154,NCBI643,Visium-Visium,0.0688539094,0.0838453077
4,MEND154,NCBI684,Visium-Visium,-0.0183733435,0.00708086998
4,MEND154,TENX116,cross-technology,-0.321406537,-0.308027401
4,MEND154,TENX117,cross-technology,-0.102167063,-0.074020717
4,MEND154,TENX141,cross-technology,0.1549968,0.161013511
4,MEND154,TENX147,cross-technology,0.631370709,0.610328452
4,MEND154,TENX148,cross-technology,0.758083719,0.736455774
4,MEND154,TENX149,cross-technology,0.58224515,0.566414606
4,MEND154,TENX99,cross-technology,-0.26819396,-0.24441495
4,MEND154,ZEN48,Visium-Visium,0.303693936,0.315366633
4,MEND154,ZEN49,Visium-Visium,0.299718863,0.311290721
4,MEND156,MEND157,Visium-Visium,0.747321609,0.73020462
4,MEND156,MEND158,Visium-Visium,0.729217796,0.713917567
4,MEND156,MEND159,Visium-Visium,0.696196815,0.680462902
4,MEND156,MEND160,Visium-Visium,0.816775181,0.80438836
4,MEND156,MEND161,Visium-Visium,0.362400219,0.348252964
4,MEND156,MEND162,Visium-Visium,-0.304768478,-0.298411224
4,MEND156,NCBI643,Visium-Visium,0.166281128,0.167211236
4,MEND156,NCBI684,Visium-Visium,-0.431864152,-0.410569465
4,MEND156,TENX116,cross-technology,-0.479684024,-0.457933852
4,MEND156,TENX117,cross-technology,-0.228643979,-0.206038134
4,MEND156,TENX141,cross-technology,0.372389872,0.350292107
4,MEND156,TENX147,cross-technology,0.473189599,0.436997233
4,MEND156,TENX148,cross-technology,0.548640428,0.515752304
4,MEND156,TENX149,cross-technology,0.598262676,0.56928947
4,MEND156,TENX99,cross-technology,-0.383949181,-0.362411786
4,MEND156,ZEN48,Visium-Visium,-0.153288242,-0.134853328
4,MEND156,ZEN49,Visium-Visium,-0.132930965,-0.116610767
4,MEND157,MEND158,Visium-Visium,0.668632829,0.648050326
4,MEND157,MEND159,Visium-Visium,0.706558236,0.682202916
4,MEND157,MEND160,Visium-Visium,0.855841193,0.845668471
4,MEND157,MEND161,Visium-Visium,0.491857444,0.47654477
4,MEND157,MEND162,Visium-Visium,-0.0716151543,-0.0538820963
4,MEND157,NCBI643,Visium-Visium,0.214618874,0.226699582
4,MEND157,NCBI684,Visium-Visium,-0.0380660215,-0.0280739841
4,MEND157,TENX116,cross-technology,-0.28817016,-0.277548017
4,MEND157,TENX117,cross-technology,-0.0856115438,-0.0589731395
4,MEND157,TENX141,cross-technology,0.196510454,0.191767381
4,MEND157,TENX147,cross-technology,0.605319254,0.578976468
4,MEND157,TENX148,cross-technology,0.689720319,0.667621439
4,MEND157,TENX149,cross-technology,0.592383514,0.572250622
4,MEND157,TENX99,cross-technology,-0.171734089,-0.15015904
4,MEND157,ZEN48,Visium-Visium,0.288585903,0.294072253
4,MEND157,ZEN49,Visium-Visium,0.305513615,0.307988628
4,MEND158,MEND159,Visium-Visium,0.740315629,0.720238896
4,MEND158,MEND160,Visium-Visium,0.855290972,0.841592534
4,MEND158,MEND161,Visium-Visium,0.30415412,0.289374339
4,MEND158,MEND162,Visium-Visium,-0.146640833,-0.139292241
4,MEND158,NCBI643,Visium-Visium,0.0846006315,0.0883437178
4,MEND158,NCBI684,Visium-Visium,-0.311343692,-0.294857499
4,MEND158,TENX116,cross-technology,-0.551766261,-0.533253653
4,MEND158,TENX117,cross-technology,-0.342493429,-0.326019106
4,MEND158,TENX141,cross-technology,0.477730174,0.463483797
4,MEND158,TENX147,cross-technology,0.54667418,0.512462185
4,MEND158,TENX148,cross-technology,0.49913662,0.475162478
4,MEND158,TENX149,cross-technology,0.636106644,0.60762493
4,MEND158,TENX99,cross-technology,-0.54606672,-0.529374399
4,MEND158,ZEN48,Visium-Visium,-0.0401436196,-0.0295920271
4,MEND158,ZEN49,Visium-Visium,-0.0260917913,-0.0159835262
4,MEND159,MEND160,Visium-Visium,0.802777115,0.785952533
4,MEND159,MEND161,Visium-Visium,0.304419477,0.280347309
4,MEND159,MEND162,Visium-Visium,-0.35604612,-0.349516809
4,MEND159,NCBI643,Visium-Visium,0.0164124363,0.0173262552
4,MEND159,NCBI684,Visium-Visium,-0.365030656,-0.354292237
4,MEND159,TENX116,cross-technology,-0.581250455,-0.574117987
4,MEND159,TENX117,cross-technology,-0.064232856,-0.0471420826
4,MEND159,TENX141,cross-technology,0.189244252,0.184613851
4,MEND159,TENX147,cross-technology,0.44188434,0.402331482
4,MEND159,TENX148,cross-technology,0.538719305,0.505584753
4,MEND159,TENX149,cross-technology,0.488267049,0.458948669
4,MEND159,TENX99,cross-technology,-0.247825803,-0.233770676
4,MEND159,ZEN48,Visium-Visium,0.117783594,0.120745265
4,MEND159,ZEN49,Visium-Visium,0.116316289,0.119677
4,MEND160,MEND161,Visium-Visium,0.330016077,0.319607171
4,MEND160,MEND162,Visium-Visium,-0.0689945338,-0.0629254376
4,MEND160,NCBI643,Visium-Visium,0.195041741,0.195874681
4,MEND160,NCBI684,Visium-Visium,-0.220775105,-0.207142124
4,MEND160,TENX116,cross-technology,-0.487068722,-0.468463826
4,MEND160,TENX117,cross-technology,-0.154419994,-0.131863945
4,MEND160,TENX141,cross-technology,0.421417521,0.408709783
4,MEND160,TENX147,cross-technology,0.623906364,0.593131891
4,MEND160,TENX148,cross-technology,0.652424808,0.628685244
4,MEND160,TENX149,cross-technology,0.667672434,0.643603264
4,MEND160,TENX99,cross-technology,-0.387033964,-0.361179825
4,MEND160,ZEN48,Visium-Visium,0.145521578,0.156102711
4,MEND160,ZEN49,Visium-Visium,0.149964154,0.158873273
4,MEND161,MEND162,Visium-Visium,0.159276645,0.162533213
4,MEND161,NCBI643,Visium-Visium,0.187464637,0.175948553
4,MEND161,NCBI684,Visium-Visium,0.340279149,0.331203775
4,MEND161,TENX116,cross-technology,0.0358944409,0.0314613862
4,MEND161,TENX117,cross-technology,0.191838264,0.183643675
4,MEND161,TENX141,cross-technology,-0.125530398,-0.125327816
4,MEND161,TENX147,cross-technology,0.107020501,0.108238339
4,MEND161,TENX148,cross-technology,0.158004294,0.158631621
4,MEND161,TENX149,cross-technology,0.127937011,0.131202779
4,MEND161,TENX99,cross-technology,0.195327375,0.182007058
4,MEND161,ZEN48,Visium-Visium,0.459632392,0.449700795
4,MEND161,ZEN49,Visium-Visium,0.492561901,0.48454695
4,MEND162,NCBI643,Visium-Visium,0.0751179798,0.0855641589
4,MEND162,NCBI684,Visium-Visium,0.659033371,0.647687092
4,MEND162,TENX116,cross-technology,0.552060535,0.526719923
4,MEND162,TENX117,cross-technology,0.310162106,0.298239854
4,MEND162,TENX141,cross-technology,-0.0010502532,0.0128126142
4,MEND162,TENX147,cross-technology,0.0437603373,0.0618856094
4,MEND162,TENX148,cross-technology,-0.216205569,-0.182637573
4,MEND162,TENX149,cross-technology,-0.00686546081,-0.00186552967
4,MEND162,TENX99,cross-technology,0.267018,0.238524753
4,MEND162,ZEN48,Visium-Visium,0.442381331,0.423881262
4,MEND162,ZEN49,Visium-Visium,0.452014647,0.430769304
4,NCBI643,NCBI684,Visium-Visium,-0.0769228795,-0.0681024602
4,NCBI643,TENX116,cross-technology,-0.285818453,-0.277129562
4,NCBI643,TENX117,cross-technology,-0.169940798,-0.150582255
4,NCBI643,TENX141,cross-technology,0.38536784,0.375006961
4,NCBI643,TENX147,cross-technology,0.172444336,0.181499907
4,NCBI643,TENX148,cross-technology,-0.0484721252,-0.0375941457
4,NCBI643,TENX149,cross-technology,0.15033641,0.162371887
4,NCBI643,TENX99,cross-technology,-0.179007233,-0.167330457
4,NCBI643,ZEN48,Visium-Visium,0.0890265797,0.110295553
4,NCBI643,ZEN49,Visium-Visium,0.131363868,0.151632466
4,NCBI684,TENX116,cross-technology,0.636085373,0.613845833
4,NCBI684,TENX117,cross-technology,0.436064716,0.408438838
4,NCBI684,TENX141,cross-technology,-0.472263012,-0.43933543
4,NCBI684,TENX147,cross-technology,-0.171031537,-0.143354576
4,NCBI684,TENX148,cross-technology,-0.176450245,-0.146571545
4,NCBI684,TENX149,cross-technology,-0.27179587,-0.249920164
4,NCBI684,TENX99,cross-technology,0.539534839,0.513954004
4,NCBI684,ZEN48,Visium-Visium,0.643749076,0.613734978
4,NCBI684,ZEN49,Visium-Visium,0.653707573,0.624356433
4,TENX116,TENX117,Xenium-Xenium,0.393426764,0.365445537
4,TENX116,TENX141,Xenium-Xenium,-0.479807969,-0.477049178
4,TENX116,TENX147,Xenium-Xenium,-0.260835374,-0.251825645
4,TENX116,TENX148,Xenium-Xenium,-0.258703633,-0.240130817
4,TENX116,TENX149,Xenium-Xenium,-0.345438378,-0.34147682
4,TENX116,TENX99,Xenium-Xenium,0.607847479,0.586807409
4,TENX116,ZEN48,cross-technology,0.344574743,0.303446117
4,TENX116,ZEN49,cross-technology,0.346014523,0.304041579
4,TENX117,TENX141,Xenium-Xenium,-0.347550772,-0.315056813
4,TENX117,TENX147,Xenium-Xenium,0.0195866783,0.037569713
4,TENX117,TENX148,Xenium-Xenium,-0.0488693587,-0.0442736474
4,TENX117,TENX149,Xenium-Xenium,-0.0158569353,0.000298511477
4,TENX117,TENX99,Xenium-Xenium,0.690309996,0.657335986
4,TENX117,ZEN48,cross-technology,0.59176134,0.567708077
4,TENX117,ZEN49,cross-technology,0.586695099,0.561923927
4,TENX141,TENX147,Xenium-Xenium,0.593520429,0.577657008
4,TENX141,TENX148,Xenium-Xenium,0.243817103,0.2360991
4,TENX141,TENX149,Xenium-Xenium,0.672256834,0.650572208
4,TENX141,TENX99,Xenium-Xenium,-0.622197302,-0.603930901
4,TENX141,ZEN48,cross-technology,-0.324223103,-0.283624295
4,TENX141,ZEN49,cross-technology,-0.30618406,-0.271083145
4,TENX147,TENX148,Xenium-Xenium,0.743728764,0.729949254
4,TENX147,TENX149,Xenium-Xenium,0.94623355,0.940315791
4,TENX147,TENX99,Xenium-Xenium,-0.333343441,-0.318996153
4,TENX147,ZEN48,cross-technology,0.176367706,0.188122326
4,TENX147,ZEN49,cross-technology,0.203494106,0.211379753
4,TENX148,TENX149,Xenium-Xenium,0.638386881,0.629135469
4,TENX148,TENX99,Xenium-Xenium,-0.298906751,-0.282765698
4,TENX148,ZEN48,cross-technology,0.129961692,0.151626146
4,TENX148,ZEN49,cross-technology,0.137761952,0.159084743
4,TENX149,TENX99,Xenium-Xenium,-0.401072195,-0.387854867
4,TENX149,ZEN48,cross-technology,0.0682713613,0.0780351643
4,TENX149,ZEN49,cross-technology,0.100493756,0.105662483
4,TENX99,ZEN48,cross-technology,0.442505584,0.414674105
4,TENX99,ZEN49,cross-technology,0.441140179,0.410544138
4,ZEN48,ZEN49,Visium-Visium,0.990134789,0.988842255
5,INT13,INT14,Visium-Visium,0.881408236,0.871036348
5,INT13,INT15,Visium-Visium,0.800800367,0.800103544
5,INT13,INT24,Visium-Visium,0.655736529,0.630985559
5,INT13,MEND154,Visium-Visium,0.485661254,0.470167403
5,INT13,MEND156,Visium-Visium,0.354704302,0.325768235
5,INT13,MEND157,Visium-Visium,0.163634024,0.148046913
5,INT13,MEND158,Visium-Visium,0.260162593,0.238758247
5,INT13,MEND159,Visium-Visium,0.320095551,0.288547181
5,INT13,MEND160,Visium-Visium,0.508217109,0.490872337
5,INT13,MEND161,Visium-Visium,0.225141035,0.205380266
5,INT13,MEND162,Visium-Visium,0.00729110685,0.017932931
5,INT13,NCBI643,Visium-Visium,0.454286853,0.427618874
5,INT13,NCBI684,Visium-Visium,-0.189353861,-0.179807212
5,INT13,TENX116,cross-technology,0.46464208,0.429005868
5,INT13,TENX117,cross-technology,0.60869704,0.605895262
5,INT13,TENX141,cross-technology,0.153513379,0.151337013
5,INT13,TENX147,cross-technology,-0.0842253119,-0.0777988553
5,INT13,TENX148,cross-technology,0.311006726,0.331146587
5,INT13,TENX149,cross-technology,0.0632920125,0.0585423121
5,INT13,TENX99,cross-technology,0.331454956,0.343462921
5,INT13,ZEN48,Visium-Visium,0.0157632563,0.0303315029
5,INT13,ZEN49,Visium-Visium,0.0217702762,0.035475652
5,INT14,INT15,Visium-Visium,0.762359738,0.761032307
5,INT14,INT24,Visium-Visium,0.723284488,0.713415771
5,INT14,MEND154,Visium-Visium,0.50568655,0.489340195
5,INT14,MEND156,Visium-Visium,0.495325522,0.471735121
5,INT14,MEND157,Visium-Visium,0.0311468974,0.0205050937
5,INT14,MEND158,Visium-Visium,0.410085407,0.396540039
5,INT14,MEND159,Visium-Visium,0.306022698,0.280570703
5,INT14,MEND160,Visium-Visium,0.48686142,0.477976907
5,INT14,MEND161,Visium-Visium,0.0503457185,0.0362537546
5,INT14,MEND162,Visium-Visium,0.0458670051,0.0663217429
5,INT14,NCBI643,Visium-Visium,0.428933978,0.409353771
5,INT14,NCBI684,Visium-Visium,-0.215173977,-0.205465825
5,INT14,TENX116,cross-technology,0.476234769,0.442554422
5,INT14,TENX117,cross-technology,0.608947297,0.600217024
5,INT14,TENX141,cross-technology,0.226200979,0.228268617
5,INT14,TENX147,cross-technology,0.140505504,0.139689835
5,INT14,TENX148,cross-technology,0.427042324,0.437965655
5,INT14,TENX149,cross-technology,0.242309619,0.239529617
5,INT14,TENX99,cross-technology,0.245151276,0.269003423
5,INT14,ZEN48,Visium-Visium,-0.133094587,-0.112914223
5,INT14,ZEN49,Visium-Visium,-0.139414009,-0.119194301
5,INT15,INT24,Visium-Visium,0.538393267,0.532551175
5,INT15,MEND154,Visium-Visium,0.269363057,0.275423498
5,INT15,MEND156,Visium-Visium,0.200999551,0.190769503
5,INT15,MEND157,Visium-Visium,-0.0559864482,-0.0446963073
5,INT15,MEND158,Visium-Visium,0.176087005,0.175687966
5,INT15,MEND159,Visium-Visium,-0.0113802178,-0.0195528903
5,INT15,MEND160,Visium-Visium,0.232619111,0.244919294
5,INT15,MEND161,Visium-Visium,-0.0608012364,-0.0496115513
5,INT15,MEND162,Visium-Visium,0.169198314,0.17460635
5,INT15,NCBI643,Visium-Visium,0.166990632,0.169259636
5,INT15,NCBI684,Visium-Visium,-0.234244212,-0.210597457
5,INT15,TENX116,cross-technology,0.297283255,0.263171924
5,INT15,TENX117,cross-technology,0.693873839,0.676479696
5,INT15,TENX141,cross-technology,0.3119968,0.296335737
5,INT15,TENX147,cross-technology,0.144811602,0.141171962
5,INT15,TENX148,cross-technology,0.54402014,0.542642876
5,INT15,TENX149,cross-technology,0.256192496,0.240982252
5,INT15,TENX99,cross-technology,0.362783222,0.364404717
5,INT15,ZEN48,Visium-Visium,-0.12695752,-0.0883428251
5,INT15,ZEN49,Visium-Visium,-0.129163166,-0.0932043494
5,INT24,MEND154,Visium-Visium,0.576245264,0.555099556
5,INT24,MEND156,Visium-Visium,0.682971391,0.656821667
5,INT24,MEND157,Visium-Visium,0.0166341775,0.0119710002
5,INT24,MEND158,Visium-Visium,0.673423659,0.659862703
5,INT24,MEND159,Visium-Visium,0.415113943,0.378549188
5,INT24,MEND160,Visium-Visium,0.665348408,0.652428176
5,INT24,MEND161,Visium-Visium,0.0307025058,0.0259206741
5,INT24,MEND162,Visium-Visium,0.468394142,0.469529467
5,INT24,NCBI643,Visium-Visium,0.299848026,0.28564713
5,INT24,NCBI684,Visium-Visium,-0.260392114,-0.237662179
5,INT24,TENX116,cross-technology,0.459236885,0.416406746
5,INT24,TENX117,cross-technology,0.389196914,0.382563543
5,INT24,TENX141,cross-technology,0.172624696,0.166387284
5,INT24,TENX147,cross-technology,0.125868576,0.137543737
5,INT24,TENX148,cross-technology,0.428255429,0.436893029
5,INT24,TENX149,cross-technology,0.297889944,0.298092614
5,INT24,TENX99,cross-technology,0.417432313,0.406783161
5,INT24,ZEN48,Visium-Visium,-0.133178895,-0.107964698
5,INT24,ZEN49,Visium-Visium,-0.123510916,-0.103669799
5,MEND154,MEND156,Visium-Visium,0.841813347,0.831550613
5,MEND154,MEND157,Visium-Visium,0.594923161,0.57414369
5,MEND154,MEND158,Visium-Visium,0.736087429,0.708396493
5,MEND154,MEND159,Visium-Visium,0.786021033,0.769735461
5,MEND154,MEND160,Visium-Visium,0.78475748,0.763334501
5,MEND154,MEND161,Visium-Visium,0.562309729,0.549513578
5,MEND154,MEND162,Visium-Visium,-0.0187878003,-0.0200527611
5,MEND154,NCBI643,Visium-Visium,0.0853002204,0.0813547666
5,MEND154,NCBI684,Visium-Visium,-0.213167282,-0.213367919
5,MEND154,TENX116,cross-technology,0.555038866,0.539086983
5,MEND154,TENX117,cross-technology,0.158194374,0.173640407
5,MEND154,TENX141,cross-technology,-0.0878137308,-0.0832192932
5,MEND154,TENX147,cross-technology,-0.0769199182,-0.0918439394
5,MEND154,TENX148,cross-technology,0.227150902,0.229887958
5,MEND154,TENX149,cross-technology,0.11218021,0.0918935306
5,MEND154,TENX99,cross-technology,0.0105965234,0.0122845559
5,MEND154,ZEN48,Visium-Visium,-0.252201353,-0.252385833
5,MEND154,ZEN49,Visium-Visium,-0.226870212,-0.225505848
5,MEND156,MEND157,Visium-Visium,0.170937843,0.161915472
5,MEND156,MEND158,Visium-Visium,0.92024081,0.911459895
5,MEND156,MEND159,Visium-Visium,0.744201605,0.728798164
5,MEND156,MEND160,Visium-Visium,0.705823112,0.685945381
5,MEND156,MEND161,Visium-Visium,0.118526693,0.121603154
5,MEND156,MEND162,Visium-Visium,0.129901619,0.128234264
5,MEND156,NCBI643,Visium-Visium,0.0808182263,0.0795251146
5,MEND156,NCBI684,Visium-Visium,-0.330002366,-0.319968439
5,MEND156,TENX116,cross-technology,0.570827679,0.554981011
5,MEND156,TENX117,cross-technology,0.224201738,0.208080718
5,MEND156,TENX141,cross-technology,0.0246027774,0.0290256712
5,MEND156,TENX147,cross-technology,0.200580415,0.184269431
5,MEND156,TENX148,cross-technology,0.3769496,0.364754639
5,MEND156,TENX149,cross-technology,0.359858048,0.340486806
5,MEND156,TENX99,cross-technology,0.131564851,0.116853205
5,MEND156,ZEN48,Visium-Visium,-0.305422041,-0.308951753
5,MEND156,ZEN49,Visium-Visium,-0.299556303,-0.303872303
5,MEND157,MEND158,Visium-Visium,0.10794065,0.0859759083
5,MEND157,MEND159,Visium-Visium,0.458437589,0.441698012
5,MEND157,MEND160,Visium-Visium,0.532941279,0.505440837
5,MEND157,MEND161,Visium-Visium,0.949141459,0.945439406
5,MEND157,MEND162,Visium-Visium,-0.165595982,-0.169965712
5,MEND157,NCBI643,Visium-Visium,-0.10716109,-0.120763508
5,MEND157,NCBI684,Visium-Visium,0.304842165,0.281062552
5,MEND157,TENX116,cross-technology,0.0276080562,0.0351530754
5,MEND157,TENX117,cross-technology,-0.301214793,-0.2683359
5,MEND157,TENX141,cross-technology,-0.418244323,-0.415543732
5,MEND157,TENX147,cross-technology,-0.485014348,-0.494416415
5,MEND157,TENX148,cross-technology,-0.279650885,-0.266674918
5,MEND157,TENX149,cross-technology,-0.42604595,-0.436062991
5,MEND157,TENX99,cross-technology,-0.270745228,-0.258822174
5,MEND157,ZEN48,Visium-Visium,0.1396509,0.129539476
5,MEND157,ZEN49,Visium-Visium,0.178742363,0.171812017
5,MEND158,MEND159,Visium-Visium,0.626355477,0.594434947
5,MEND158,MEND160,Visium-Visium,0.67967423,0.650990829
5,MEND158,MEND161,Visium-Visium,0.0196750672,0.00268578109
5,MEND158,MEND162,Visium-Visium,0.316945745,0.323432912
5,MEND158,NCBI643,Visium-Visium,0.0137181297,0.0193233102
5,MEND158,NCBI684,Visium-Visium,-0.330341397,-0.317834131
5,MEND158,TENX116,cross-technology,0.50034854,0.476632862
5,MEND158,TENX117,cross-technology,0.205024094,0.205677171
5,MEND158,TENX141,cross-technology,0.0948097444,0.110073083
5,MEND158,TENX147,cross-technology,0.267134255,0.251022735
5,MEND158,TENX148,cross-technology,0.369189994,0.359979229
5,MEND158,TENX149,cross-technology,0.397262312,0.389017667
5,MEND158,TENX99,cross-technology,0.253121576,0.248244886
5,MEND158,ZEN48,Visium-Visium,-0.282906629,-0.286627928
5,MEND158,ZEN49,Visium-Visium,-0.271903801,-0.279246826
5,MEND159,MEND160,Visium-Visium,0.73174677,0.708540064
5,MEND159,MEND161,Visium-Visium,0.493176359,0.480674725
5,MEND159,MEND162,Visium-Visium,-0.123037044,-0.128359123
5,MEND159,NCBI643,Visium-Visium,0.0840292173,0.077171749
5,MEND159,NCBI684,Visium-Visium,-0.262698003,-0.262239455
5,MEND159,TENX116,cross-technology,0.586058759,0.57355766
5,MEND159,TENX117,cross-technology,0.00875294744,0.0108017674
5,MEND159,TENX141,cross-technology,-0.0994792279,-0.0895998641
5,MEND159,TENX147,cross-technology,-0.1550981,-0.159382346
5,MEND159,TENX148,cross-technology,-0.0538203033,-0.0512642772
5,MEND159,TENX149,cross-technology,-0.0743070253,-0.0818961413
5,MEND159,TENX99,cross-technology,0.00932453386,-0.0154763173
5,MEND159,ZEN48,Visium-Visium,-0.162699089,-0.171336022
5,MEND159,ZEN49,Visium-Visium,-0.152651726,-0.160760257
5,MEND160,MEND161,Visium-Visium,0.545604304,0.525353221
5,MEND160,MEND162,Visium-Visium,0.257003494,0.253872268
5,MEND160,NCBI643,Visium-Visium,0.124194657,0.129031725
5,MEND160,NCBI684,Visium-Visium,-0.0868957583,-0.084533379
5,MEND160,TENX116,cross-technology,0.404709791,0.386087111
5,MEND160,TENX117,cross-technology,-0.00832461631,0.0189071243
5,MEND160,TENX141,cross-technology,-0.151190139,-0.141680717
5,MEND160,TENX147,cross-technology,-0.0267599434,-0.0461140762
5,MEND160,TENX148,cross-technology,0.146051411,0.148395224
5,MEND160,TENX149,cross-technology,0.0527900655,0.0380265972
5,MEND160,TENX99,cross-technology,0.0495847201,0.0465625026
5,MEND160,ZEN48,Visium-Visium,0.0470074626,0.0347700698
5,MEND160,ZEN49,Visium-Visium,0.0610760042,0.0474079752
5,MEND161,MEND162,Visium-Visium,-0.200905099,-0.203595515
5,MEND161,NCBI643,Visium-Visium,-0.0372398343,-0.0548182746
5,MEND161,NCBI684,Visium-Visium,0.267065752,0.244947404
5,MEND161,TENX116,cross-technology,0.0977264156,0.103058779
5,MEND161,TENX117,cross-technology,-0.320173049,-0.286756157
5,MEND161,TENX141,cross-technology,-0.447638633,-0.446699646
5,MEND161,TENX147,cross-technology,-0.515517475,-0.524326726
5,MEND161,TENX148,cross-technology,-0.328449275,-0.308678712
5,MEND161,TENX149,cross-technology,-0.494766654,-0.501469996
5,MEND161,TENX99,cross-technology,-0.296131551,-0.284045365
5,MEND161,ZEN48,Visium-Visium,0.189274415,0.172106736
5,MEND161,ZEN49,Visium-Visium,0.22380097,0.210178842
5,MEND162,NCBI643,Visium-Visium,-0.0685015533,-0.0482758146
5,MEND162,NCBI684,Visium-Visium,0.0605139118,0.0652711069
5,MEND162,TENX116,cross-technology,-0.158584246,-0.161327803
5,MEND162,TENX117,cross-technology,-0.0157647384,0.00982765603
5,MEND162,TENX141,cross-technology,0.0343318727,0.0505639196
5,MEND162,TENX147,cross-technology,0.327679791,0.325202337
5,MEND162,TENX148,cross-technology,0.345048375,0.343809088
5,MEND162,TENX149,cross-technology,0.357401992,0.350342446
5,MEND162,TENX99,cross-technology,0.298684584,0.299790285
5,MEND162,ZEN48,Visium-Visium,0.116683234,0.122398819
5,MEND162,ZEN49,Visium-Visium,0.129551658,0.127272225
5,NCBI643,NCBI684,Visium-Visium,-0.362698464,-0.356459217
5,NCBI643,TENX116,cross-technology,0.328855604,0.328346766
5,NCBI643,TENX117,cross-technology,0.50210312,0.48939102
5,NCBI643,TENX141,cross-technology,0.475140896,0.466591373
5,NCBI643,TENX147,cross-technology,-0.0128737288,0.0173529036
5,NCBI643,TENX148,cross-technology,-0.0467847657,-0.0242309513
5,NCBI643,TENX149,cross-technology,0.168911943,0.179235115
5,NCBI643,TENX99,cross-technology,0.398547431,0.387686023
5,NCBI643,ZEN48,Visium-Visium,-0.154869518,-0.153192418
5,NCBI643,ZEN49,Visium-Visium,-0.164057449,-0.163834014
5,NCBI684,TENX116,cross-technology,-0.680110471,-0.681591368
5,NCBI684,TENX117,cross-technology,-0.5507192,-0.537828264
5,NCBI684,TENX141,cross-technology,-0.742925877,-0.724498123
5,NCBI684,TENX147,cross-technology,-0.262389664,-0.240733568
5,NCBI684,TENX148,cross-technology,-0.197011677,-0.176068672
5,NCBI684,TENX149,cross-technology,-0.4778624,-0.446541612
5,NCBI684,TENX99,cross-technology,-0.429248129,-0.399573632
5,NCBI684,ZEN48,Visium-Visium,0.660580004,0.633683315
5,NCBI684,ZEN49,Visium-Visium,0.685461229,0.659401861
5,TENX116,TENX117,Xenium-Xenium,0.438157841,0.428088365
5,TENX116,TENX141,Xenium-Xenium,0.297048335,0.298115475
5,TENX116,TENX147,Xenium-Xenium,-0.112569976,-0.109546934
5,TENX116,TENX148,Xenium-Xenium,0.0938925698,0.0892428401
5,TENX116,TENX149,Xenium-Xenium,0.0602036701,0.0571772193
5,TENX116,TENX99,Xenium-Xenium,0.294231672,0.264713317
5,TENX116,ZEN48,cross-technology,-0.492733028,-0.484883176
5,TENX116,ZEN49,cross-technology,-0.487157131,-0.479410741
5,TENX117,TENX141,Xenium-Xenium,0.715279577,0.705767369
5,TENX117,TENX147,Xenium-Xenium,0.27615023,0.282257474
5,TENX117,TENX148,Xenium-Xenium,0.513077007,0.516086067
5,TENX117,TENX149,Xenium-Xenium,0.487323751,0.474731554
5,TENX117,TENX99,Xenium-Xenium,0.565979025,0.557095564
5,TENX117,ZEN48,cross-technology,-0.344590828,-0.309008211
5,TENX117,ZEN49,cross-technology,-0.356907439,-0.320361339
5,TENX141,TENX147,Xenium-Xenium,0.356028287,0.379463554
5,TENX141,TENX148,Xenium-Xenium,0.252606519,0.26101297
5,TENX141,TENX149,Xenium-Xenium,0.581500584,0.577807807
5,TENX141,TENX99,Xenium-Xenium,0.594038446,0.576146701
5,TENX141,ZEN48,cross-technology,-0.552547905,-0.508670161
5,TENX141,ZEN49,cross-technology,-0.574895877,-0.532285717
5,TENX147,TENX148,Xenium-Xenium,0.725588433,0.700525431
5,TENX147,TENX149,Xenium-Xenium,0.855268422,0.852204482
5,TENX147,TENX99,Xenium-Xenium,-0.00344144572,0.0174181611
5,TENX147,ZEN48,cross-technology,-0.0760270933,-0.0632917919
5,TENX147,ZEN49,cross-technology,-0.118552784,-0.106064865
5,TENX148,TENX149,Xenium-Xenium,0.73337376,0.711921223
5,TENX148,TENX99,Xenium-Xenium,0.17636476,0.195583358
5,TENX148,ZEN48,cross-technology,-0.00440064327,0.0138218469
5,TENX148,ZEN49,cross-technology,-0.0252555053,-0.00810481306
5,TENX149,TENX99,Xenium-Xenium,0.222323608,0.224728438
5,TENX149,ZEN48,cross-technology,-0.350014855,-0.321311388
5,TENX149,ZEN49,cross-technology,-0.380879386,-0.355387921
5,TENX99,ZEN48,cross-technology,-0.161307561,-0.119172819
5,TENX99,ZEN49,cross-technology,-0.14478493,-0.107506014
5,ZEN48,ZEN49,Visium-Visium,0.991960338,0.990126637
