epoch,train_loss,val_loss,val_mc_sd,lr_main,lr_gate,new_best
1,2.51857,2.223507,0.029885,2.5e-06,2.5e-06,True
2,2.183374,2.026221,0.036935,5e-06,5e-06,True
3,2.103465,1.922749,0.034138,7.5e-06,7.5e-06,True
4,1.98297,1.846655,0.033154,1e-05,1e-05,True
5,1.937499,1.781403,0.02814,1.25e-05,1.25e-05,True
6,1.872633,1.728194,0.023591,1.5e-05,1.5e-05,True
7,1.796715,1.691316,0.024157,1.75e-05,1.75e-05,True
8,1.709075,1.663527,0.025263,2e-05,2e-05,True
9,1.733088,1.619696,0.023322,2.25e-05,2.25e-05,True
10,1.655144,1.601304,0.026181,2.5e-05,2.5e-05,True
11,1.689551,1.569756,0.02161,2.75e-05,2.75e-05,True
12,1.626623,1.543134,0.025906,3e-05,3e-05,True
13,1.572299,1.513251,0.024332,3.25e-05,3.25e-05,True
14,1.596491,1.495338,0.026432,3.5e-05,3.5e-05,True
15,1.524561,1.469305,0.023096,3.75e-05,3.75e-05,True
16,1.506748,1.435414,0.021339,4e-05,4e-05,True
17,1.46903,1.419155,0.020434,4.25e-05,4.25e-05,True
18,1.450047,1.394433,0.020378,4.5e-05,4.5e-05,True
19,1.41724,1.376141,0.023789,4.75e-05,4.75e-05,True
20,1.372547,1.359198,0.022949,5e-05,5e-05,True
21,1.39791,1.337084,0.015851,4.9999146e-05,4.9999146e-05,True
22,1.364482,1.312536,0.020545,4.9996583e-05,4.9996583e-05,True
23,1.351534,1.299549,0.021088,4.9992311e-05,4.9992311e-05,True
24,1.345039,1.299111,0.015895,4.9986331e-05,4.9986331e-05,True
25,1.331836,1.290636,0.015815,4.9978644e-05,4.9978644e-05,True
26,1.296196,1.26923,0.015213,4.9969249e-05,4.9969249e-05,True
27,1.25847,1.257097,0.015582,4.9958148e-05,4.9958148e-05,True
28,1.2501,1.251746,0.012252,4.9945341e-05,4.9945341e-05,True
29,1.222087,1.232014,0.013323,4.9930828e-05,4.9930828e-05,True
30,1.241121,1.228912,0.010194,4.9914612e-05,4.9914612e-05,True
31,1.241961,1.213878,0.009571,4.9896693e-05,4.9896693e-05,True
32,1.218984,1.21378,0.011608,4.9877073e-05,4.9877073e-05,False
33,1.260769,1.223558,0.013881,4.9855752e-05,4.9855752e-05,False
34,1.166412,1.206452,0.013284,4.9832732e-05,4.9832732e-05,True
35,1.191715,1.191839,0.008292,4.9808014e-05,4.9808014e-05,True
36,1.24885,1.191578,0.004818,4.9781602e-05,4.9781602e-05,True
37,1.17775,1.188446,0.012133,4.9753495e-05,4.9753495e-05,True
38,1.156103,1.183971,0.006441,4.9723697e-05,4.9723697e-05,True
39,1.178778,1.185395,0.014396,4.9692209e-05,4.9692209e-05,False
40,1.180444,1.164917,0.008911,4.9659033e-05,4.9659033e-05,True
41,1.13434,1.156327,0.007629,4.9624171e-05,4.9624171e-05,True
42,1.167422,1.161323,0.006231,4.9587627e-05,4.9587627e-05,False
43,1.138243,1.150673,0.007102,4.9549402e-05,4.9549402e-05,True
44,1.153061,1.151567,0.006937,4.9509499e-05,4.9509499e-05,False
45,1.121577,1.149396,0.007783,4.9467921e-05,4.9467921e-05,True
46,1.136593,1.14176,0.00327,4.9424671e-05,4.9424671e-05,True
47,1.120161,1.132645,0.005444,4.9379751e-05,4.9379751e-05,True
48,1.117273,1.137222,0.006744,4.9333165e-05,4.9333165e-05,False
49,1.103264,1.133787,0.004276,4.9284916e-05,4.9284916e-05,False
50,1.110469,1.124574,0.00591,4.9235007e-05,4.9235007e-05,True
51,1.076807,1.129827,0.002557,4.9183441e-05,4.9183441e-05,False
52,1.083201,1.131146,0.002774,4.9130223e-05,4.9130223e-05,False
53,1.078462,1.129542,0.004699,4.9075355e-05,4.9075355e-05,False
54,1.086877,1.122075,0.007096,4.9018842e-05,4.9018842e-05,True
55,1.059788,1.130073,0.004803,4.8960687e-05,4.8960687e-05,False
56,1.069836,1.128371,0.007239,4.8900895e-05,4.8900895e-05,False
57,1.140842,1.12111,0.005927,4.8839468e-05,4.8839468e-05,True
58,1.051542,1.108594,0.005489,4.8776413e-05,4.8776413e-05,True
59,1.074716,1.113653,0.004723,4.8711732e-05,4.8711732e-05,False
60,1.091128,1.115345,0.004592,4.8645431e-05,4.8645431e-05,False
61,1.070435,1.104773,0.004566,4.8577514e-05,4.8577514e-05,True
62,1.096857,1.110952,0.009675,4.8507985e-05,4.8507985e-05,False
63,1.041147,1.101781,0.005355,4.8436849e-05,4.8436849e-05,True
64,1.07326,1.096394,0.004897,4.8364112e-05,4.8364112e-05,True
65,1.048095,1.094088,0.006326,4.8289777e-05,4.8289777e-05,True
66,1.073173,1.097284,0.007446,4.8213851e-05,4.8213851e-05,False
67,1.034494,1.094706,0.004496,4.8136338e-05,4.8136338e-05,False
68,1.006382,1.095474,0.005677,4.8057244e-05,4.8057244e-05,False
69,1.044303,1.092749,0.009717,4.7976574e-05,4.7976574e-05,True
70,1.021257,1.085015,0.006802,4.7894333e-05,4.7894333e-05,True
71,1.024543,1.092705,0.006891,4.7810528e-05,4.7810528e-05,False
72,1.025151,1.087815,0.006715,4.7725163e-05,4.7725163e-05,False
73,1.014268,1.081618,0.008888,4.7638246e-05,4.7638246e-05,True
74,1.038082,1.086363,0.006498,4.7549781e-05,4.7549781e-05,False
75,1.053052,1.078948,0.007057,4.7459775e-05,4.7459775e-05,True
76,1.001229,1.082122,0.008746,4.7368233e-05,4.7368233e-05,False
77,1.003607,1.081736,0.007126,4.7275163e-05,4.7275163e-05,False
78,0.996745,1.083183,0.007712,4.718057e-05,4.718057e-05,False
79,0.999553,1.080672,0.010617,4.7084462e-05,4.7084462e-05,False
80,1.013715,1.081976,0.007022,4.6986844e-05,4.6986844e-05,False
81,0.988156,1.075985,0.006381,4.6887723e-05,4.6887723e-05,True
82,1.022199,1.069497,0.00762,4.6787106e-05,4.6787106e-05,True
83,0.98706,1.073919,0.006284,4.6685e-05,4.6685e-05,False
84,0.976253,1.06825,0.009514,4.6581412e-05,4.6581412e-05,True
85,1.049288,1.060261,0.008794,4.6476349e-05,4.6476349e-05,True
86,0.959766,1.061948,0.009131,4.6369818e-05,4.6369818e-05,False
87,0.969555,1.07219,0.008378,4.6261826e-05,4.6261826e-05,False
88,0.983968,1.073993,0.010863,4.6152381e-05,4.6152381e-05,False
89,0.960767,1.063383,0.009727,4.6041491e-05,4.6041491e-05,False
90,1.006489,1.065799,0.008114,4.5929162e-05,4.5929162e-05,False
91,0.962216,1.0705,0.010505,4.5815403e-05,4.5815403e-05,False
92,0.973448,1.054416,0.011222,4.5700221e-05,4.5700221e-05,True
93,0.990785,1.065614,0.013369,4.5583624e-05,4.5583624e-05,False
94,1.003832,1.070502,0.012918,4.546562e-05,4.546562e-05,False
95,0.986934,1.07321,0.010805,4.5346218e-05,4.5346218e-05,False
96,0.983884,1.059065,0.010082,4.5225425e-05,4.5225425e-05,False
97,0.973505,1.067839,0.009487,4.5103249e-05,4.5103249e-05,False
98,0.985477,1.063853,0.016605,4.49797e-05,4.49797e-05,False
99,0.960806,1.068401,0.015359,4.4854785e-05,4.4854785e-05,False
100,0.958606,1.067005,0.011519,4.4728513e-05,4.4728513e-05,False
101,0.970401,1.054918,0.012871,4.4600892e-05,4.4600892e-05,False
102,0.984485,1.059204,0.012968,4.4471932e-05,4.4471932e-05,False
103,0.955901,1.0589,0.015836,4.4341641e-05,4.4341641e-05,False
104,0.966786,1.055855,0.014212,4.4210028e-05,4.4210028e-05,False
105,0.970306,1.058028,0.012191,4.4077102e-05,4.4077102e-05,False
106,0.920625,1.051815,0.012112,4.3942872e-05,4.3942872e-05,True
107,0.960557,1.043316,0.014503,4.3807347e-05,4.3807347e-05,True
108,0.968146,1.049157,0.01109,4.3670537e-05,4.3670537e-05,False
109,0.94162,1.055763,0.01233,4.3532451e-05,4.3532451e-05,False
110,0.950908,1.044969,0.01381,4.3393098e-05,4.3393098e-05,False
111,0.94076,1.048058,0.017214,4.3252488e-05,4.3252488e-05,False
112,0.953747,1.051482,0.012267,4.311063e-05,4.311063e-05,False
113,0.953331,1.067764,0.015823,4.2967535e-05,4.2967535e-05,False
114,0.971989,1.055245,0.01442,4.2823211e-05,4.2823211e-05,False
115,0.955576,1.051242,0.023567,4.267767e-05,4.267767e-05,False
116,0.937014,1.053721,0.013589,4.253092e-05,4.253092e-05,False
117,0.941021,1.052882,0.01815,4.2382971e-05,4.2382971e-05,False
118,0.947858,1.046664,0.014538,4.2233835e-05,4.2233835e-05,False
119,0.975006,1.049986,0.020103,4.2083521e-05,4.2083521e-05,False
120,0.969343,1.049816,0.015637,4.1932039e-05,4.1932039e-05,False
121,0.953068,1.048086,0.014856,4.17794e-05,4.17794e-05,False
122,0.943031,1.040524,0.015745,4.1625614e-05,4.1625614e-05,True
123,0.980411,1.042206,0.014827,4.1470692e-05,4.1470692e-05,False
124,0.912881,1.044477,0.019678,4.1314644e-05,4.1314644e-05,False
125,0.946587,1.04447,0.017596,4.1157481e-05,4.1157481e-05,False
126,0.96184,1.046035,0.017302,4.0999214e-05,4.0999214e-05,False
127,0.935831,1.048417,0.015871,4.0839853e-05,4.0839853e-05,False
128,0.935403,1.052551,0.016758,4.0679409e-05,4.0679409e-05,False
129,0.955979,1.043978,0.018225,4.0517894e-05,4.0517894e-05,False
130,0.947215,1.039464,0.017585,4.0355318e-05,4.0355318e-05,True
131,0.913583,1.045199,0.017529,4.0191692e-05,4.0191692e-05,False
132,0.945965,1.047995,0.019802,4.0027029e-05,4.0027029e-05,False
133,0.901157,1.046999,0.018362,3.9861338e-05,3.9861338e-05,False
134,0.914765,1.048156,0.01923,3.9694631e-05,3.9694631e-05,False
135,0.908026,1.045186,0.024418,3.952692e-05,3.952692e-05,False
136,0.910394,1.045999,0.017079,3.9358217e-05,3.9358217e-05,False
137,0.897368,1.03826,0.0212,3.9188531e-05,3.9188531e-05,True
138,0.88222,1.034816,0.018437,3.9017876e-05,3.9017876e-05,True
139,0.920607,1.038571,0.019877,3.8846263e-05,3.8846263e-05,False
140,0.935131,1.040157,0.016762,3.8673704e-05,3.8673704e-05,False
141,0.90234,1.031841,0.017946,3.850021e-05,3.850021e-05,True
142,0.893568,1.046322,0.015806,3.8325793e-05,3.8325793e-05,False
143,0.93887,1.034209,0.020455,3.8150466e-05,3.8150466e-05,False
144,0.900704,1.042172,0.014793,3.7974239e-05,3.7974239e-05,False
145,0.950154,1.037505,0.015545,3.7797126e-05,3.7797126e-05,False
146,0.894714,1.043562,0.017536,3.7619138e-05,3.7619138e-05,False
147,0.924446,1.041842,0.016041,3.7440288e-05,3.7440288e-05,False
148,0.87302,1.039115,0.018299,3.7260588e-05,3.7260588e-05,False
149,0.964284,1.046801,0.015341,3.7080049e-05,3.7080049e-05,False
150,0.897812,1.035073,0.017177,3.6898685e-05,3.6898685e-05,False
151,0.871017,1.035758,0.018718,3.6716507e-05,3.6716507e-05,False
152,0.938573,1.045363,0.018863,3.6533529e-05,3.6533529e-05,False
153,0.903135,1.037972,0.020784,3.6349762e-05,3.6349762e-05,False
154,0.906635,1.041389,0.020714,3.616522e-05,3.616522e-05,False
155,0.906053,1.040804,0.018985,3.5979915e-05,3.5979915e-05,False
156,0.913566,1.042573,0.021507,3.5793859e-05,3.5793859e-05,False
157,0.974522,1.047414,0.018437,3.5607065e-05,3.5607065e-05,False
158,0.900514,1.039826,0.018499,3.5419547e-05,3.5419547e-05,False
159,0.921009,1.034054,0.019885,3.5231316e-05,3.5231316e-05,False
160,0.906049,1.027413,0.018716,3.5042386e-05,3.5042386e-05,True
161,0.938084,1.039063,0.018765,3.4852769e-05,3.4852769e-05,False
162,0.906842,1.034282,0.022093,3.4662479e-05,3.4662479e-05,False
163,0.918278,1.041018,0.019846,3.4471529e-05,3.4471529e-05,False
164,0.909958,1.034201,0.019199,3.4279931e-05,3.4279931e-05,False
165,0.933765,1.037218,0.021965,3.4087699e-05,3.4087699e-05,False
166,0.919227,1.031631,0.018239,3.3894846e-05,3.3894846e-05,False
167,0.870078,1.042177,0.018664,3.3701385e-05,3.3701385e-05,False
168,0.903517,1.029354,0.021152,3.3507329e-05,3.3507329e-05,False
169,0.923312,1.031574,0.020322,3.3312692e-05,3.3312692e-05,False
170,0.874541,1.040549,0.022134,3.3117487e-05,3.3117487e-05,False
171,0.907018,1.032488,0.021136,3.2921727e-05,3.2921727e-05,False
172,0.859888,1.03272,0.019657,3.2725425e-05,3.2725425e-05,False
173,0.912001,1.030024,0.021719,3.2528595e-05,3.2528595e-05,False
174,0.910236,1.03131,0.023787,3.2331251e-05,3.2331251e-05,False
175,0.872299,1.027547,0.022609,3.2133406e-05,3.2133406e-05,False
176,0.884336,1.033313,0.019888,3.1935073e-05,3.1935073e-05,False
177,0.880757,1.027727,0.020839,3.1736266e-05,3.1736266e-05,False
178,0.925743,1.026289,0.018918,3.1536999e-05,3.1536999e-05,True
179,0.870804,1.026173,0.020696,3.1337284e-05,3.1337284e-05,True
180,0.913276,1.024962,0.0213,3.1137137e-05,3.1137137e-05,True
181,0.840386,1.038825,0.028478,3.093657e-05,3.093657e-05,False
182,0.902232,1.025031,0.01938,3.0735598e-05,3.0735598e-05,False
183,0.900794,1.029909,0.024719,3.0534234e-05,3.0534234e-05,False
184,0.885918,1.031742,0.023205,3.0332491e-05,3.0332491e-05,False
185,0.898474,1.031941,0.018787,3.0130384e-05,3.0130384e-05,False
186,0.925597,1.026392,0.018939,2.9927926e-05,2.9927926e-05,False
187,0.878767,1.032734,0.020666,2.9725131e-05,2.9725131e-05,False
188,0.871158,1.02997,0.022191,2.9522013e-05,2.9522013e-05,False
189,0.928714,1.034696,0.023941,2.9318587e-05,2.9318587e-05,False
190,0.887335,1.027801,0.018132,2.9114865e-05,2.9114865e-05,False
191,0.906825,1.034264,0.022046,2.8910862e-05,2.8910862e-05,False
192,0.896158,1.032462,0.020142,2.8706591e-05,2.8706591e-05,False
193,0.890043,1.029366,0.02365,2.8502067e-05,2.8502067e-05,False
194,0.896348,1.029218,0.024668,2.8297304e-05,2.8297304e-05,False
195,0.872892,1.032259,0.02441,2.8092316e-05,2.8092316e-05,False
196,0.882118,1.028202,0.020377,2.7887116e-05,2.7887116e-05,False
197,0.883159,1.030829,0.021307,2.7681719e-05,2.7681719e-05,False
198,0.878906,1.031943,0.025399,2.7476138e-05,2.7476138e-05,False
199,0.892314,1.030895,0.021921,2.7270389e-05,2.7270389e-05,False
200,0.907908,1.027717,0.028649,2.7064484e-05,2.7064484e-05,False
201,0.866168,1.023137,0.021674,2.6858438e-05,2.6858438e-05,True
202,0.910022,1.025281,0.02674,2.6652265e-05,2.6652265e-05,False
203,0.897388,1.02277,0.024584,2.6445979e-05,2.6445979e-05,True
204,0.860915,1.023308,0.023443,2.6239594e-05,2.6239594e-05,False
205,0.890043,1.030661,0.026416,2.6033124e-05,2.6033124e-05,False
206,0.885387,1.026313,0.020513,2.5826584e-05,2.5826584e-05,False
207,0.856658,1.028553,0.027021,2.5619988e-05,2.5619988e-05,False
208,0.899468,1.026208,0.021916,2.5413349e-05,2.5413349e-05,False
209,0.876294,1.027763,0.021596,2.5206681e-05,2.5206681e-05,False
210,0.858684,1.02738,0.025064,2.5e-05,2.5e-05,False
211,0.909868,1.025832,0.025506,2.4793319e-05,2.4793319e-05,False
212,0.882124,1.022126,0.022964,2.4586651e-05,2.4586651e-05,True
213,0.875766,1.024673,0.022882,2.4380012e-05,2.4380012e-05,False
214,0.809028,1.022295,0.025552,2.4173416e-05,2.4173416e-05,False
215,0.897197,1.037093,0.028096,2.3966876e-05,2.3966876e-05,False
216,0.845091,1.02889,0.025425,2.3760406e-05,2.3760406e-05,False
217,0.899629,1.022998,0.02122,2.3554021e-05,2.3554021e-05,False
218,0.916545,1.034234,0.023934,2.3347735e-05,2.3347735e-05,False
219,0.861456,1.023518,0.024876,2.3141562e-05,2.3141562e-05,False
220,0.855614,1.024994,0.027885,2.2935516e-05,2.2935516e-05,False
221,0.864173,1.022756,0.0245,2.2729611e-05,2.2729611e-05,False
222,0.867383,1.022613,0.025909,2.2523862e-05,2.2523862e-05,False
223,0.889489,1.018044,0.022429,2.2318281e-05,2.2318281e-05,True
224,0.876732,1.022059,0.022075,2.2112884e-05,2.2112884e-05,False
225,0.868005,1.027551,0.023235,2.1907684e-05,2.1907684e-05,False
226,0.85812,1.025023,0.023753,2.1702696e-05,2.1702696e-05,False
227,0.902837,1.026393,0.023827,2.1497933e-05,2.1497933e-05,False
228,0.924529,1.024248,0.022229,2.1293409e-05,2.1293409e-05,False
229,0.86639,1.024165,0.023347,2.1089138e-05,2.1089138e-05,False
230,0.86829,1.02987,0.022686,2.0885135e-05,2.0885135e-05,False
231,0.907728,1.025751,0.022784,2.0681413e-05,2.0681413e-05,False
232,0.903062,1.027229,0.022284,2.0477987e-05,2.0477987e-05,False
233,0.895931,1.022535,0.020985,2.0274869e-05,2.0274869e-05,False
234,0.883222,1.023641,0.024628,2.0072074e-05,2.0072074e-05,False
235,0.890742,1.021876,0.024593,1.9869616e-05,1.9869616e-05,False
236,0.858662,1.022441,0.023995,1.9667509e-05,1.9667509e-05,False
237,0.898297,1.023862,0.023724,1.9465766e-05,1.9465766e-05,False
238,0.866729,1.024007,0.02635,1.9264402e-05,1.9264402e-05,False
239,0.88888,1.013579,0.024678,1.906343e-05,1.906343e-05,True
240,0.851711,1.021746,0.025748,1.8862863e-05,1.8862863e-05,False
241,0.866712,1.022401,0.026176,1.8662716e-05,1.8662716e-05,False
242,0.909132,1.025079,0.023897,1.8463001e-05,1.8463001e-05,False
243,0.851321,1.025585,0.023067,1.8263734e-05,1.8263734e-05,False
244,0.839405,1.022014,0.025547,1.8064927e-05,1.8064927e-05,False
245,0.87988,1.020715,0.023091,1.7866594e-05,1.7866594e-05,False
246,0.880171,1.029323,0.02531,1.7668749e-05,1.7668749e-05,False
247,0.861357,1.023584,0.025026,1.7471405e-05,1.7471405e-05,False
248,0.86893,1.020124,0.024679,1.7274575e-05,1.7274575e-05,False
249,0.846856,1.02288,0.025642,1.7078273e-05,1.7078273e-05,False
250,0.85318,1.026679,0.027957,1.6882513e-05,1.6882513e-05,False
251,0.904356,1.021048,0.023619,1.6687308e-05,1.6687308e-05,False
252,0.843632,1.021665,0.024126,1.6492671e-05,1.6492671e-05,False
253,0.88424,1.024761,0.025989,1.6298615e-05,1.6298615e-05,False
254,0.929369,1.01992,0.024041,1.6105154e-05,1.6105154e-05,False
255,0.854959,1.024702,0.026947,1.5912301e-05,1.5912301e-05,False
256,0.943705,1.023682,0.026039,1.5720069e-05,1.5720069e-05,False
257,0.856374,1.021582,0.02824,1.5528471e-05,1.5528471e-05,False
258,0.843986,1.013494,0.026411,1.5337521e-05,1.5337521e-05,False
259,0.861797,1.017162,0.023598,1.5147231e-05,1.5147231e-05,False
260,0.873802,1.024499,0.028517,1.4957614e-05,1.4957614e-05,False
261,0.858731,1.019737,0.025134,1.4768684e-05,1.4768684e-05,False
262,0.888793,1.019367,0.02722,1.4580453e-05,1.4580453e-05,False
263,0.840441,1.020088,0.026416,1.4392935e-05,1.4392935e-05,False
264,0.863213,1.022563,0.024786,1.4206141e-05,1.4206141e-05,False
265,0.881302,1.02146,0.026174,1.4020085e-05,1.4020085e-05,False
266,0.873306,1.022575,0.022537,1.383478e-05,1.383478e-05,False
267,0.886932,1.016689,0.024047,1.3650238e-05,1.3650238e-05,False
268,0.870825,1.015425,0.024288,1.3466471e-05,1.3466471e-05,False
269,0.837203,1.024492,0.02627,1.3283493e-05,1.3283493e-05,False
270,0.868769,1.024057,0.027874,1.3101315e-05,1.3101315e-05,False
271,0.849026,1.02474,0.027121,1.2919951e-05,1.2919951e-05,False
272,0.843275,1.025521,0.029587,1.2739412e-05,1.2739412e-05,False
273,0.819995,1.02657,0.027602,1.2559712e-05,1.2559712e-05,False
274,0.858291,1.025875,0.026654,1.2380862e-05,1.2380862e-05,False
275,0.860364,1.023073,0.028989,1.2202874e-05,1.2202874e-05,False
276,0.839156,1.023607,0.027427,1.2025761e-05,1.2025761e-05,False
277,0.897465,1.021042,0.027326,1.1849534e-05,1.1849534e-05,False
278,0.837062,1.02293,0.025575,1.1674207e-05,1.1674207e-05,False
279,0.863783,1.020057,0.026236,1.149979e-05,1.149979e-05,False
280,0.845042,1.019923,0.026567,1.1326296e-05,1.1326296e-05,False
281,0.897053,1.017711,0.026927,1.1153737e-05,1.1153737e-05,False
282,0.856624,1.022486,0.027451,1.0982124e-05,1.0982124e-05,False
283,0.859658,1.020664,0.025559,1.0811469e-05,1.0811469e-05,False
284,0.857997,1.021554,0.026435,1.0641783e-05,1.0641783e-05,False
285,0.833999,1.023561,0.027044,1.047308e-05,1.047308e-05,False
286,0.851119,1.018012,0.025089,1.0305369e-05,1.0305369e-05,False
287,0.824078,1.019459,0.02585,1.0138662e-05,1.0138662e-05,False
288,0.821316,1.019311,0.025184,9.9729713e-06,9.9729713e-06,False
289,0.860523,1.018717,0.026147,9.8083076e-06,9.8083076e-06,False
290,0.854512,1.020306,0.026855,9.6446822e-06,9.6446822e-06,False
291,0.868607,1.021546,0.025855,9.4821063e-06,9.4821063e-06,False
292,0.839425,1.017729,0.025516,9.320591e-06,9.320591e-06,False
293,0.833399,1.022443,0.027081,9.1601474e-06,9.1601474e-06,False
294,0.844481,1.02077,0.027902,9.0007865e-06,9.0007865e-06,False
295,0.840398,1.019361,0.027138,8.8425191e-06,8.8425191e-06,False
296,0.859779,1.01945,0.025954,8.685356e-06,8.685356e-06,False
297,0.887345,1.023782,0.026274,8.529308e-06,8.529308e-06,False
298,0.849488,1.020127,0.027355,8.3743857e-06,8.3743857e-06,False
299,0.886061,1.019988,0.025855,8.2205998e-06,8.2205998e-06,False
300,0.8531,1.022174,0.027558,8.0679607e-06,8.0679607e-06,False
301,0.821219,1.019679,0.026558,7.9164789e-06,7.9164789e-06,False
302,0.864939,1.018738,0.027635,7.7661648e-06,7.7661648e-06,False
303,0.876276,1.022137,0.028313,7.6170285e-06,7.6170285e-06,False
304,0.866517,1.020489,0.02576,7.4690804e-06,7.4690804e-06,False
305,0.877073,1.019853,0.028176,7.3223305e-06,7.3223305e-06,False
306,0.86151,1.016913,0.027161,7.1767888e-06,7.1767888e-06,False
307,0.841101,1.021402,0.02729,7.0324653e-06,7.0324653e-06,False
308,0.911939,1.022192,0.026354,6.8893699e-06,6.8893699e-06,False
309,0.850542,1.020539,0.028592,6.7475123e-06,6.7475123e-06,False
310,0.839941,1.020351,0.026936,6.6069022e-06,6.6069022e-06,False
311,0.83994,1.021297,0.028255,6.4675493e-06,6.4675493e-06,False
312,0.863203,1.0212,0.027881,6.3294631e-06,6.3294631e-06,False
313,0.855319,1.018294,0.026634,6.1926529e-06,6.1926529e-06,False
314,0.83469,1.021547,0.027236,6.0571283e-06,6.0571283e-06,False
315,0.83936,1.020788,0.027131,5.9228983e-06,5.9228983e-06,False
316,0.85326,1.019807,0.026694,5.7899722e-06,5.7899722e-06,False
317,0.839874,1.021815,0.027787,5.6583591e-06,5.6583591e-06,False
318,0.854784,1.020139,0.027018,5.528068e-06,5.528068e-06,False
319,0.82577,1.020996,0.027851,5.3991078e-06,5.3991078e-06,False
