sample_id,technology,n_patches,expert_id,mean_route_weight,mean_router_prob,mean_top2_frequency,mean_top1_frequency,ever_top2_patches,always_top2_patches,top256_mean_top2_frequency,top256_mean_top1_frequency
INT13,Visium,4359,0,0.2534218225406791,0.15196175517261806,0.9819912824042212,0.0,4359,3814,0.994921875,0.0
INT13,Visium,4359,1,0.000990792503185189,0.11553394549264975,0.0035099793530626294,0.0,128,0,0.005078125,0.0
INT13,Visium,4359,2,0.0010191588995653053,0.11778710431791714,0.0044046799724707505,0.0,110,0,0.008203125,0.0
INT13,Visium,4359,3,0.0017333437876024221,0.04748430404273339,0.005024088093599449,0.0,216,0,0.037890625,0.0
INT13,Visium,4359,4,0.7417470988794653,0.45248672466098677,1.0,1.0,4359,4359,1.0,1.0
INT13,Visium,4359,5,0.0010877831553368154,0.11474616623206488,0.00506997017664602,0.0,163,0,0.0421875,0.0
INT14,Visium,4559,0,0.29533179124494896,0.16757381718640896,0.9532353586312786,0.0,4559,3277,0.9671875000000001,0.0
INT14,Visium,4559,1,0.0003472966082552646,0.12778726184438732,0.0010528624698398772,0.0,47,0,0.00078125,0.0
INT14,Visium,4559,2,0.000675227005548659,0.12775222263767758,0.0024566790962930467,0.0,76,0,0.006640625000000001,0.0
INT14,Visium,4559,3,0.0015412685169831628,0.05101144548275497,0.0038385610879578856,8.773853915332311e-05,170,0,0.034765625,0.0015625
INT14,Visium,4559,4,0.6915670138593566,0.39013454534193487,1.0,0.9999122614608468,4559,4559,1.0,1.0
INT14,Visium,4559,5,0.010537402541014049,0.1357407073216379,0.039416538714630404,0.0,1095,0,0.20937500000000003,0.0
INT15,Visium,4940,0,0.0,0.09920985166993941,0.0,0.0,0,0,0.0,0.0
INT15,Visium,4940,1,0.0638279793915237,0.12268104996803682,0.232834008097166,0.0,4112,0,0.23828125,0.0
INT15,Visium,4940,2,0.0007004708944544619,0.11246116876677585,0.0025303643724696357,0.0,102,0,0.022656250000000003,0.0
INT15,Visium,4940,3,0.002911445792568357,0.0481953120230839,0.00925101214574899,0.0,439,0,0.05625,0.0
INT15,Visium,4940,4,0.7562368480818957,0.47209335397280433,1.0,1.0,4940,4940,1.0,1.0
INT15,Visium,4940,5,0.17632325608253116,0.14535926334499588,0.7553846153846153,0.0,4940,736,0.973828125,0.0
INT24,Visium,4483,0,0.40888352342583145,0.203278352214161,0.983270131608298,0.1368949364265001,4483,3907,1.0,0.43125
INT24,Visium,4483,1,7.219020540682887e-05,0.1368722378757219,0.00015614543832255184,0.0,7,0,0.0023437500000000003,0.0
INT24,Visium,4483,2,0.0016763537902797995,0.14757339107772216,0.004082087887575285,0.0001338389471336159,115,0,0.040624999999999994,0.001953125
INT24,Visium,4483,3,0.011515723249621353,0.06615932363454405,0.02279723399509257,0.01260316752174883,890,0,0.12265625000000002,0.0828125
INT24,Visium,4483,4,0.5763736109654605,0.296994434955887,0.9853223287976803,0.8503680571046174,4483,3923,1.0,0.999609375
INT24,Visium,4483,5,0.0014785983913210177,0.14912225972813686,0.004372072273031453,0.0,159,0,0.034375,0.0
MEND154,Visium,2733,0,0.4625548153526828,0.24384539664075178,0.997731430662276,0.4519941456275156,2733,2692,1.0,0.49882812499999996
MEND154,Visium,2733,1,0.0,0.1317304051093051,0.0,0.0,0,0,0.0,0.0
MEND154,Visium,2733,2,0.0,0.12584171547716982,0.0,0.0,0,0,0.0,0.0
MEND154,Visium,2733,3,0.0006213299540255561,0.04750199699527752,0.0013172338090010976,0.00021953896816684964,36,0,0.011328125000000001,0.0023437500000000003
MEND154,Visium,2733,4,0.5349649249722223,0.289481213137622,0.9964873765093304,0.5477863154043175,2733,2669,1.0,0.693359375
MEND154,Visium,2733,5,0.0018589298737341344,0.16159927272917674,0.004463959019392609,0.0,59,0,0.045703125000000004,0.0
MEND156,Visium,3547,0,0.23968333571451902,0.1993428006612787,0.5062588102621934,0.10741471666196786,3546,17,0.634765625,0.415625
MEND156,Visium,3547,1,0.0,0.13544933202298115,0.0,0.0,0,0,0.0,0.0
MEND156,Visium,3547,2,2.3359861849797486e-05,0.14556076225866926,5.6385678037778406e-05,0.0,2,0,0.00078125,0.0
MEND156,Visium,3547,3,0.004993014821947074,0.06198728894257223,0.010262193402875671,0.0031012122920778123,341,0,0.060156249999999994,0.02265625
MEND156,Visium,3547,4,0.2777052860907645,0.2211933647429721,0.5318015224133069,0.3587538765153651,3547,134,0.87421875,0.627734375
MEND156,Visium,3547,5,0.47759500356553336,0.23646645142825715,0.9516210882435862,0.5307301945305892,3531,3100,1.0,0.9785156250000001
MEND157,Visium,3190,0,0.3312995778159662,0.22495975807589424,0.6547335423197492,0.415423197492163,3190,452,0.9828125000000001,0.5167968749999999
MEND157,Visium,3190,1,1.3569500005357318e-05,0.13954833776459424,3.134796238244514e-05,0.0,1,0,0.000390625,0.0
MEND157,Visium,3190,2,0.0,0.13496392550466577,0.0,0.0,0,0,0.0,0.0
MEND157,Visium,3190,3,0.0021398226164725132,0.05680488939663625,0.004294670846394985,0.001974921630094044,132,0,0.02890625,0.015625
MEND157,Visium,3190,4,0.2828573462834179,0.22372029867782303,0.5299999999999999,0.44652037617554863,3190,90,0.7781250000000001,0.50078125
MEND157,Visium,3190,5,0.3836896838738253,0.2200027904587106,0.8109404388714734,0.13608150470219438,3103,1472,0.998828125,0.762890625
MEND158,Visium,3092,0,0.28843569450687623,0.20333506094501444,0.5882923673997412,0.3080530401034929,3092,180,0.8140624999999999,0.490234375
MEND158,Visium,3092,1,0.00023346186108299245,0.14138710273292404,0.000517464424320828,0.0,16,0,0.00390625,0.0
MEND158,Visium,3092,2,0.0004821823839999417,0.15492334071725106,0.0010672703751617076,0.000129366106080207,26,0,0.008984375,0.0015625
MEND158,Visium,3092,3,0.0030428506694203977,0.05534641255466761,0.006112548512289781,0.00278137128072445,188,0,0.032421875,0.01953125
MEND158,Visium,3092,4,0.3520126226802693,0.23584733515481474,0.6413324708926261,0.5057567917205692,3092,542,0.99140625,0.7457031249999999
MEND158,Visium,3092,5,0.3557931879783509,0.20916074798243628,0.7626778783958602,0.18327943078913325,2947,1563,0.99921875,0.652734375
MEND159,Visium,3856,0,0.0008392585456927784,0.15536181666014942,0.002282157676348548,0.0,54,0,0.0031249999999999997,0.0
MEND159,Visium,3856,1,0.0,0.12515461576244644,0.0,0.0,0,0,0.0,0.0
MEND159,Visium,3856,2,0.008011886941972362,0.1548848825070188,0.019968879668049798,0.00010373443983402491,433,0,0.072265625,0.0015625
MEND159,Visium,3856,3,0.005658372222635261,0.060407549817961856,0.011696058091286309,0.0038900414937759337,427,0,0.06718750000000001,0.032031250000000004
MEND159,Visium,3856,4,0.595612900065745,0.30487086426087995,0.9967842323651454,0.9595695020746889,3856,3743,1.0,1.0
MEND159,Visium,3856,5,0.3898775821860833,0.19932027093339633,0.9692686721991701,0.03643672199170125,3856,3148,1.0,0.2921875
MEND160,Visium,4074,0,0.1977721119101105,0.18681776509910572,0.4299705449189985,0.03514972999509083,3992,4,0.55546875,0.25234375
MEND160,Visium,4074,1,4.355398737804879e-05,0.13635405610751217,9.818360333824252e-05,0.0,4,0,0.0015625,0.0
MEND160,Visium,4074,2,0.0012367050072464452,0.15059119505450225,0.0028473244968090328,0.0,112,0,0.022656250000000003,0.0
MEND160,Visium,4074,3,0.008013983166680127,0.06057143291180251,0.01661757486499755,0.004197349042709868,614,0,0.0921875,0.026171874999999997
MEND160,Visium,4074,4,0.31696716867054453,0.231880976799208,0.5965390279823269,0.4404025527736868,4074,323,0.971875,0.868359375
MEND160,Visium,4074,5,0.4759664771351441,0.23378457409980313,0.9539273441335298,0.5202503681885126,4070,3585,1.0,0.88984375
MEND161,Visium,2763,0,0.3081708039898308,0.22759853400993815,0.6274701411509229,0.23253709735794423,2763,85,0.845703125,0.5972656249999999
MEND161,Visium,2763,1,0.0,0.13672591300544382,0.0,0.0,0,0,0.0,0.0
MEND161,Visium,2763,2,0.0,0.13207020141478257,0.0,0.0,0,0,0.0,0.0
MEND161,Visium,2763,3,0.0046650138403512495,0.06061290202794144,0.009048136083966703,0.006044154904089758,238,0,0.051171875000000006,0.0390625
MEND161,Visium,2763,4,0.19396915533298437,0.19337231494106116,0.3994209192906262,0.1264205573651828,2734,0,0.49296875000000007,0.417578125
MEND161,Visium,2763,5,0.493195027026671,0.2496201347461266,0.9640608034744842,0.6349981903727832,2763,2246,1.0,0.994140625
MEND162,Visium,2509,0,0.32038058228063215,0.2129861725284171,0.6402550817058589,0.32674372259864487,2509,264,0.9566406250000001,0.719140625
MEND162,Visium,2509,1,0.000883767776111057,0.1515134915771856,0.0019928258270227183,3.9856516540454363e-05,40,0,0.01484375,0.0
MEND162,Visium,2509,2,0.0009197621290405322,0.1604066717468466,0.0019928258270227183,0.00027899561578318056,35,0,0.01015625,0.001953125
MEND162,Visium,2509,3,0.006736138959527728,0.06400986853039509,0.013192506974890397,0.007253886010362695,309,0,0.065234375,0.0421875
MEND162,Visium,2509,4,0.1952171924450142,0.18678884899274148,0.38664806695894777,0.2118772419290554,2295,0,0.50234375,0.47187500000000004
MEND162,Visium,2509,5,0.47586255648569453,0.22429494643624728,0.9559186927062573,0.4538062973296135,2508,1886,0.99921875,0.8933593750000001
NCBI643,Visium,2252,0,0.6113556826993373,0.3136908692686585,1.0,0.9792184724689165,2252,2252,1.0,0.9964843750000001
NCBI643,Visium,2252,1,0.001571276814380717,0.1269166866476196,0.005017761989342806,0.0,107,0,0.019921875,0.0
NCBI643,Visium,2252,2,0.04505878098004665,0.15085684074780395,0.13894316163410303,0.0,1299,0,0.26796875,0.0
NCBI643,Visium,2252,3,0.007850805840737865,0.05623436979829543,0.022424511545293072,4.440497335701599e-05,450,0,0.094140625,0.000390625
NCBI643,Visium,2252,4,0.3022006810928958,0.1979961006149491,0.7380106571936057,0.020737122557726466,2244,613,0.9921875,0.10664062500000002
NCBI643,Visium,2252,5,0.031962772601715844,0.15430513307763194,0.09560390763765542,0.0,682,2,0.47968750000000004,0.0
NCBI684,Visium,4033,0,0.0614699726087888,0.14999098382832954,0.1926357550210761,0.0,2522,0,0.50546875,0.0
NCBI684,Visium,4033,1,0.00031430789415220925,0.11826108564019291,0.0009918175055789737,0.0,39,0,0.00703125,0.0
NCBI684,Visium,4033,2,0.05072351117938676,0.13907933030716246,0.15640962062980412,0.0,2614,0,0.39140625,0.0
NCBI684,Visium,4033,3,0.02099733969029025,0.06479245413173217,0.057351847260104144,0.00014877262583684606,1309,0,0.287109375,0.00078125
NCBI684,Visium,4033,4,0.21293470864478634,0.17782479960100986,0.5926109595834367,4.9590875278948676e-05,4033,173,0.8988281250000002,0.00078125
NCBI684,Visium,4033,5,0.6535601601422114,0.35005134664071336,1.0,0.9998016364988842,4033,4033,1.0,1.0
TENX116,Xenium,2068,0,0.4820667201274829,0.25564398957592954,0.9977272727272728,0.48051257253384916,2068,2026,1.0,0.512890625
TENX116,Xenium,2068,1,0.0,0.13087940601203266,0.0,0.0,0,0,0.0,0.0
TENX116,Xenium,2068,2,0.5058547736842697,0.27754131096056744,0.9752901353965184,0.5168278529980658,2068,1738,0.999609375,0.5578124999999999
TENX116,Xenium,2068,3,0.0007899761012605818,0.062304632683582724,0.0016924564796905223,0.00038684719535783365,31,0,0.0125,0.003125
TENX116,Xenium,2068,4,0.01111609656904145,0.13570568090704643,0.024854932301740813,0.0022727272727272726,318,0,0.15039062500000003,0.018359375
TENX116,Xenium,2068,5,0.00017243326863191114,0.13792497959182504,0.0004352030947775628,0.0,8,0,0.003515625,0.0
TENX117,Xenium,1271,0,0.18386339577608088,0.18310787191513386,0.44225019669551535,0.05617623918174666,755,322,0.9710937500000001,0.21015625000000002
TENX117,Xenium,1271,1,0.007963695681348361,0.15245726211311592,0.025098347757671127,0.0,193,0,0.015234375000000001,0.0
TENX117,Xenium,1271,2,0.5634162752132167,0.2883932718768259,0.9811959087332808,0.777183320220299,1271,1087,0.998046875,0.9164062500000001
TENX117,Xenium,1271,3,0.008672814170832151,0.06530571883539929,0.02155782848151062,0.0033831628638867034,197,0,0.084375,0.015234375000000001
TENX117,Xenium,1271,4,0.23603794422560465,0.1960700004319803,0.5297403619197483,0.16325727773406767,969,324,0.983984375,0.413671875
TENX117,Xenium,1271,5,4.587429747817837e-05,0.11466587451729926,0.00015735641227380016,0.0,2,0,0.00078125,0.0
TENX141,Xenium,3069,0,0.3026346321383102,0.18810131502543803,0.8084066471163245,0.03040078201368524,3065,1063,0.9898437500000001,0.16132812500000002
TENX141,Xenium,3069,1,0.012137074760774635,0.14470227832959662,0.046888237210817856,0.0,697,0,0.179296875,0.0
TENX141,Xenium,3069,2,0.6306570817201446,0.3420987993046646,0.9994460736396221,0.9640273704789833,3069,3053,1.0,0.99921875
TENX141,Xenium,3069,3,0.03872862957556343,0.08346022577742682,0.10752688172043011,0.004463994786575433,1373,0,0.40546875000000004,0.041015625
TENX141,Xenium,3069,4,0.01581568232952636,0.1367517941571595,0.03766699250570218,0.0011078527207559468,562,0,0.24296874999999998,0.0125
TENX141,Xenium,3069,5,2.689952957548587e-05,0.10488558734177512,6.516780710329097e-05,0.0,1,0,0.00078125,0.0
TENX147,Xenium,3417,0,0.33040846889222053,0.2058781227806105,0.6860989171788119,0.29367866549604915,3380,660,0.9753906250000001,0.6929687499999999
TENX147,Xenium,3417,1,0.08419829751442563,0.16398072369529693,0.16947614866842264,0.08197249048873281,1781,0,0.48046875,0.340234375
TENX147,Xenium,3417,2,0.1613007266007916,0.1870056410111598,0.3346795434591748,0.09654667837284168,2787,14,0.706640625,0.355859375
TENX147,Xenium,3417,3,0.0025188576514029453,0.05940192402946226,0.004975124378109453,0.0025460930640913084,158,0,0.044140624999999996,0.025
TENX147,Xenium,3417,4,0.24590648555131134,0.20300100468184157,0.4519754170324846,0.35566286215978926,3248,158,0.9304687500000001,0.7953125
TENX147,Xenium,3417,5,0.1756671636564047,0.180732583785078,0.35279484928299676,0.16959321041849576,1931,569,0.99609375,0.8625
TENX148,Xenium,3535,0,0.02757335901681908,0.1695104426305736,0.06048090523338048,0.00022630834512022633,975,0,0.331640625,0.003125
TENX148,Xenium,3535,1,0.039661968235753714,0.14754365805836853,0.08330975954738332,0.013578500707213578,1547,0,0.3,0.130859375
TENX148,Xenium,3535,2,0.1222593049180221,0.17338507406381942,0.26223479490806223,0.02265912305516266,2788,0,0.490234375,0.14609375000000002
TENX148,Xenium,3535,3,0.0006237966741159917,0.057169532474065185,0.0013295615275813297,0.00016973125884016976,47,0,0.014062499999999999,0.001953125
TENX148,Xenium,3535,4,0.3111708189886395,0.21943483953470888,0.6087411598302688,0.36393210749646393,3535,279,0.95703125,0.7003906249999999
TENX148,Xenium,3535,5,0.4987107520688541,0.23295645306437493,0.983903818953324,0.5994342291371995,3535,3282,1.0,0.947265625
TENX149,Xenium,3620,0,0.013344132721588756,0.15987269541835258,0.029889502762430936,0.00038674033149171277,522,0,0.24257812500000003,0.005078125
TENX149,Xenium,3620,1,0.1024504076718296,0.15575922928524114,0.21165745856353593,0.061104972375690604,2448,0,0.459765625,0.273046875
TENX149,Xenium,3620,2,0.18404256569828775,0.18474032054866216,0.3850828729281768,0.14372928176795582,3333,3,0.6363281249999999,0.43476562500000004
TENX149,Xenium,3620,3,0.0020026988877775917,0.058137371534406394,0.004143646408839779,0.0013535911602209946,140,0,0.03984375,0.014062500000000002
TENX149,Xenium,3620,4,0.3821934383498371,0.23709516830207236,0.6897790055248617,0.5684806629834255,3620,1065,1.0,0.9886718750000001
TENX149,Xenium,3620,5,0.31596675668055835,0.20439521527319157,0.6794475138121546,0.22494475138121545,3577,1245,1.0,0.97734375
TENX99,Xenium,20549,0,0.3899817832836392,0.21679031090669762,0.9053676577935666,0.3527422258990705,20466,14675,1.0,0.5
TENX99,Xenium,20549,1,0.0006952022503568538,0.13796445941888355,0.0022726166723441533,9.732833714535988e-06,370,0,0.050390624999999994,0.000390625
TENX99,Xenium,20549,2,0.5273743277787002,0.2919513111177822,0.9201664314565186,0.5691031193732055,20549,11155,0.99609375,0.7394531249999999
TENX99,Xenium,20549,3,0.005299442970257871,0.05996387773151382,0.014827972164095576,0.0006375006083021072,2470,0,0.17968750000000003,0.032421875
TENX99,Xenium,20549,4,0.07548150520013414,0.1602266340496248,0.154367609129398,0.07729329894398755,10288,27,0.786328125,0.494921875
TENX99,Xenium,20549,5,0.001167738533155188,0.1331034067326221,0.0029977127840770837,0.00021412234171979173,225,1,0.21914062499999998,0.0171875
ZEN48,Visium,2385,0,0.002776990505384449,0.15461412340839956,0.007714884696016772,0.0,139,0,0.027734375,0.0
ZEN48,Visium,2385,1,0.14378184598321936,0.1509105773466938,0.32519916142557653,0.035849056603773584,2254,0,0.483203125,0.21250000000000002
ZEN48,Visium,2385,2,0.05618105225842954,0.16219789927391884,0.1459538784067086,0.0,1487,0,0.20703125,0.0
ZEN48,Visium,2385,3,0.006209472189159513,0.06312342357058352,0.014633123689727466,0.0008385744234800838,306,0,0.07539062500000002,0.00546875
ZEN48,Visium,2385,4,0.23285903986145118,0.19166095181737305,0.5249475890985325,0.12394129979035641,2385,75,0.741015625,0.591796875
ZEN48,Visium,2385,5,0.5581915993935407,0.2774930246789751,0.9815513626834381,0.83937106918239,2385,2262,1.0,1.0
ZEN49,Visium,2203,0,0.0021055401710829732,0.15234476759576604,0.005991829323649569,0.0,74,0,0.04062500000000001,0.0
ZEN49,Visium,2203,1,0.1217192141240259,0.15352861049753722,0.26636404902405814,0.04752610077167498,1858,0,0.484375,0.267578125
ZEN49,Visium,2203,2,0.09331776731889789,0.1702221520596805,0.2328188833408988,0.0005901044030867,1744,0,0.3359375,0.002734375
ZEN49,Visium,2203,3,0.0033347031946242855,0.06149644126616338,0.007807535179300954,0.00018157058556513846,161,0,0.04375,0.00078125
ZEN49,Visium,2203,4,0.22841465937322883,0.18810194353562454,0.5130276895142987,0.12837040399455285,2200,74,0.733203125,0.596484375
ZEN49,Visium,2203,5,0.5511081157072101,0.2743060849671249,0.9739900136177938,0.8233318202451203,2203,2040,1.0,1.0
