technology,expert_id,n_slides,n_patches,slide_macro_mean_route_weight,slide_macro_sd_route_weight,patch_weighted_route_weight,slide_macro_mean_top2_frequency,patch_weighted_top2_frequency
Visium,0,16,54978,0.23653009395702274,0.18296065584330842,0.2264056480884608,0.5357395823612894,0.5388609989450325
Visium,1,16,54978,0.020862453540545417,0.04662148189997296,0.017108102335952943,0.05236035044500073,0.04648768598348431
Visium,2,16,54978,0.016251638665669883,0.028651267253345998,0.012803686220055085,0.044595752586587774,0.03570519116737604
Visium,3,16,54978,0.0057477892820404445,0.004984036864844458,0.005911618277705367,0.013479302223907938,0.013909200043653829
Visium,4,16,54978,0.4057275160812189,0.20655361161606445,0.44300033685599577,0.7145583025374915,0.7519444141292881
Visium,5,16,54978,0.3148805085087448,0.2364192877571104,0.2947706082476193,0.6392667098457228,0.6130925097311651
Xenium,0,7,37529,0.2471246417080202,0.17910963838265842,0.3050416751515983,0.5614601570724718,0.7028484638546191
Xenium,1,7,37529,0.03530094944492697,0.042124071063180696,0.02292726602858054,0.0769575097743107,0.04962295824562339
Xenium,2,7,37529,0.3849864365162046,0.21852308096162823,0.43124774751809586,0.6940136800744792,0.7648591755708919
Xenium,3,7,37529,0.008376602290172938,0.01368335314642232,0.006887342134439141,0.022293353022893907,0.01871352820485491
Xenium,4,7,37529,0.18253171017344208,0.14828429797972922,0.13979566861153978,0.3567322111777435,0.27194169841988863
Xenium,5,7,37529,0.14167965971923685,0.1995394164364683,0.09410030051338043,0.28854308887810104,0.19201417570412216
