expert_id,pair_type,n_pairs,mean_pearson,sd_pearson,median_pearson,min_pearson,max_pearson,mean_spearman,sd_spearman,median_spearman,min_spearman,max_spearman
0,all,253,0.07579618178527515,0.41469167535892737,0.13249945765370724,-0.7898654439308934,0.9683998578200074,0.07732705844481282,0.4002611097790523,0.134935249672593,-0.7872251382809264,0.9657739188362741
0,Visium-Visium,120,0.06303540352788882,0.4461953498496537,0.1284687080430108,-0.7898654439308934,0.9683998578200074,0.06378148298782829,0.4339880833937572,0.1164533494248625,-0.7872251382809264,0.9657739188362741
0,Xenium-Xenium,21,0.10050037499667186,0.4382785398478747,0.20981072883878402,-0.6193831837402018,0.8089730992864267,0.10819181272613171,0.41859321160314655,0.1939129344464765,-0.5936670074873,0.7874721961976306
0,cross-technology,112,0.0848364079767665,0.37681953352950087,0.14103181252134364,-0.6402614675186615,0.7685088466722622,0.08605303357812036,0.36023724747195957,0.1517689861764412,-0.622916500175636,0.7500791491772248
1,all,253,0.1588927110370947,0.34223263324049075,0.18039634013038996,-0.6510038550604389,0.9764784612034139,0.14711722423770004,0.33075463667559585,0.1620715710682011,-0.6136889255013043,0.9746469954447646
1,Visium-Visium,120,0.24203619280968788,0.33649025993482573,0.2676239693878395,-0.5500289319805369,0.9764784612034139,0.22618416180681794,0.33002477022145654,0.23412723378673703,-0.5378498977624799,0.9746469954447646
1,Xenium-Xenium,21,0.27569999267204975,0.28932777192563075,0.2648466549644842,-0.27847995114863866,0.7801565712344843,0.2707291600414803,0.27765080061915265,0.23112499072707646,-0.2757259401459292,0.7843733742039298
1,cross-technology,112,0.04790904383133361,0.3270308956230736,0.04301367188208281,-0.6510038550604389,0.7320836467846643,0.03922541030757927,0.310344039554762,0.03053311153047613,-0.6136889255013043,0.7078440674357089
2,all,253,0.12878696848796656,0.3718561321743174,0.16509379684140357,-0.6748613026653447,0.9434941695768368,0.11980148223463255,0.3606645269852982,0.1409559257344826,-0.6484629645630146,0.9437596020849153
2,Visium-Visium,120,0.26751831447600516,0.3653459041914861,0.273817448758564,-0.6748613026653447,0.9434941695768368,0.25383914047098943,0.3581969256464191,0.26824315346127725,-0.6484629645630146,0.9437596020849153
2,Xenium-Xenium,21,0.09508274334819507,0.3648721107296466,0.06135044406761661,-0.6071211467174084,0.5732336727379173,0.08871830940722226,0.354715678094112,0.045763014398380625,-0.6097686921560436,0.5644882020923999
2,cross-technology,112,-0.013534217142653408,0.3246246756634813,0.02065228393807008,-0.6266848373565499,0.5397576514867135,-0.017982199542038967,0.3103710687885119,0.029135315345240338,-0.5899348052148525,0.5059275419950856
3,all,253,0.24363844060389522,0.3063923229745771,0.27384237990592813,-0.5497749428793359,0.9400844313466901,0.2364913386842106,0.2975185891127762,0.2642446453705093,-0.5172588518922685,0.9346492716395866
3,Visium-Visium,120,0.24664483676068366,0.3201172589113934,0.26004421167193004,-0.5497749428793359,0.9400844313466901,0.23781854012905665,0.3116265073072694,0.23330188894692708,-0.5172588518922685,0.9346492716395866
3,Xenium-Xenium,21,0.5862024664900765,0.14977121772957058,0.5815693268125246,0.36600531194355307,0.860433494977694,0.5713297964167603,0.14758705415095905,0.5545143496713211,0.3606326646584351,0.8465063529611345
3,cross-technology,112,0.17618654701081995,0.26911008043645895,0.220158726103857,-0.46586937995301303,0.7382894662375782,0.17228712631130824,0.25990567862297437,0.2115618763152494,-0.4460481992923417,0.7221902367459871
4,all,253,0.23403528245549146,0.36539075024098716,0.2639462271012825,-0.6956629565797848,0.9894533068654203,0.23180061117206346,0.34903390466924344,0.2538893607955144,-0.6815711929450772,0.9878585026479328
4,Visium-Visium,120,0.3300909385811427,0.31310073093124025,0.33394384602359894,-0.4255924829773973,0.9894533068654203,0.3246278227642611,0.30040201152007573,0.3158026971562263,-0.40166245819840524,0.9878585026479328
4,Xenium-Xenium,21,0.10775828586430171,0.484115013579231,0.00691244084448044,-0.6007844297643571,0.9451979460877519,0.11173609272398882,0.46514881026749666,0.03266549890134025,-0.5705382504105407,0.9387302747589302
4,cross-technology,112,0.15479544489599895,0.36939381963438433,0.1779006560954151,-0.6956629565797848,0.754389960410547,0.15485498167515138,0.350468953046837,0.17642340903789083,-0.6815711929450772,0.7303793231343635
5,all,253,0.15740214624833915,0.3496150753002708,0.14653908970980092,-0.7266562273854648,0.9916809761355675,0.1545657953392648,0.33870945224609084,0.143901675156379,-0.7019689854277734,0.989434203103387
5,Visium-Visium,120,0.21431877432136529,0.3477110448786978,0.16015049431185102,-0.35214019810798375,0.9916809761355675,0.20675785720413298,0.3381530548069529,0.14708097913953533,-0.34355650993810055,0.989434203103387
5,Xenium-Xenium,21,0.38219744850600906,0.27275346864162703,0.3530567974347964,-0.14284539855765188,0.8594157154819226,0.3762965242553199,0.2691304090057329,0.3747209699405096,-0.15320552744883797,0.8571981634955164
5,cross-technology,112,0.054270925568212294,0.3326879982853111,0.07590921503930163,-0.7266562273854648,0.6874978955551211,0.057071217383717184,0.3209021488365535,0.07185617761630853,-0.7019689854277734,0.6652871507588518
