expert_a,expert_b,pearson_mean_profile,spearman_mean_profile
0,1,-0.29720120178780945,-0.3035499612370631
0,2,-0.464217131602313,-0.4595799225132936
0,3,-0.4010192903577428,-0.38770408981801935
0,4,-0.12157902882659043,-0.1209907555135939
0,5,-0.24750469631648392,-0.23968147021867434
1,2,0.6803136661021254,0.6521437270356488
1,3,0.5726604639398546,0.542550713750172
1,4,-0.23464026655366102,-0.19894414098976756
1,5,0.38262455522456473,0.3541645398569047
2,3,0.6554747897201111,0.6339332618984601
2,4,-0.5707422896807097,-0.545853723352795
2,5,0.640034851298299,0.6204279717497663
3,4,-0.4966861162306481,-0.4784504555893287
3,5,0.7986940548388065,0.7764927585211779
4,5,-0.8059276704741309,-0.7981737879642516
